author_id,name
OL366346A,Maurice Sendak
OL216222A,Wayne Gisslen
OL3412520A,W Gisslen
OL7739076A,Wayne Gisslen
OL224488A,Sarah R. Labensky
OL3367646A,Klaus G. Tenbergen
OL2655431A,Eddy Van Damme
OL7702396A,Priscilla A. Martel
OL2650239A,Alan M. Hause
OL218575A,Alain Ducasse
OL6600101A,Frédéric Robert
OL3145265A,Frederic Robert
OL3953880A,Frédéric Robert
OL12561548A,Emma Gallegos
OL9943534A,Esperanza Martínez Pérez
OL7284282A,Esperanza Martínez
OL727759A,Gina Steer
OL432189A,Ann Nicol
OL7109354A,Karen Ostrove
OL583666A,Linda Ward Beech
OL68224A,Delia Smith
OL4427001A,Rosemary Wells
OL11666635A,"Lee, N. K. M. Mrs"
OL3050804A,Cq Products
OL6925271A,Virginia Kahl
OL3321665A,Robert N Munsch
OL659461A,Amy Scherber
OL18865A,Megan McDonald
OL4989210A,John Kirkland
OL7525635A,Laura Gehl
OL3082520A,Eleanor May
OL2668591A,Debbie White
OL3407892A,Glenn Rinsky
OL3407893A,Laura Halpin Rinsky
OL2680944A,Stanley P. Cauvain
OL637323A,Sharon Jennings
OL26595A,Paulette Bourgeois
OL1388476A,Jim Jinkins
OL38235A,Aliza Green
OL954525A,William J. Sultan
OL1015391A,Julius Emil Wihlfahrt
OL830913A,Flo Braker
OL627385A,Jessica Anderson
OL1516098A,Sherri Winston
OL10016340A,Anne McMullen
OL409477A,Jennifer A. Ericsson
OL31278A,Jane O'Connor
OL183694A,Eliza Leslie
OL2737609A,Ursula Solom
OL2628690A,Judith R. Hendricks
OL2737622A,Paula I. Figoni
OL58678A,Elizabeth David
OL2733067A,Fiona Patchett
OL2837909A,Paul Hollywood     
OL449500A,Elizabeth M. Harbison
OL402340A,Rose Impey
OL8140265A,Georgina Calderon-Dominguez
OL8140266A,Gustavo F. Gutierrez-Lopez
OL8140267A,Keshavan Niranjan
OL238790A,Herman Parish
OL3132091A,Marci Peschke
OL22861A,Jan Brett
OL22932A,Claudia Mills
OL20989A,Patricia McKissack
OL222436A,Fredrick McKissack
OL7527340A,Brian Hart Hoffman
OL1479719A,Dan Lepard
OL223109A,Emma Patmore
OL30179A,Sean Covey
OL7302398A,Stacy Curtis
OL578185A,Joseph Amendola
OL7215935A,United States. Department of Agriculture. Radio Service
OL341077A,Nigella Lawson
OL28815A,Eileen Christelow
OL8035529A,Lynne Avril
OL8595774A,Angela Goethals
OL446948A,Lisa Yockelson
OL7071477A,David Arrick
OL1425597A,Ella Burfoot
OL1415075A,A. Edlin
OL385881A,Paula Peck
OL155929A,Marion Harris Neil
OL3429208A,Jeff Hertzberg
OL3091585A,Richard Bertinet
OL2869461A,Sharon McConnell
OL459685A,Tom Jaine
OL3052445A,Emma Kay
OL1483719A,Sheryl Berk
OL5224965A,Eleanor Parkinson
OL9729837A,Walter Wheat
OL25990A,Patricia Polacco
OL45570A,Hannah Roche
OL6568994A,Gesine Bullock-Prado
OL4976567A,Jeff Martin
OL4528702A,Emil Braun
OL233814A,Enid Blyton
OL6964764A,Kathryn Littlewood
OL7661164A,Lei Shishak
OL7601083A,Sarah Vaughan
OL345563A,Sarah Vaughan
OL7512908A,Kevin Panetta
OL8080890A,Savanna Ganucheau
OL7720728A,Sara E. Hoffmann
OL8055473A,Katie Strange
OL7655770A,Katie Marshall
OL3074714A,Wendy Sand Eckel
OL7332229A,Carrie Berk
OL2837961A,Jan Hedh
OL7601945A,Sarit Packer
OL7607752A,Jammy Lannister
OL7598049A,Agatha Kulaga
OL7591520A,Megan Seling
OL579132A,Rachna Gilmore
OL3108388A,Michele Marcotte
OL344225A,Samuel A. Matz
OL1427144A,Rob Scotton
OL7414150A,Amy Hsu Lin
OL535666A,Chris Riddell
OL216905A,Jeffrey Alford
OL2757365A,Naomi Duguid
OL3461330A,Gaile Parkin
OL3080290A,Pat Sinclair
OL19728A,Cynthia Rylant
OL3288054A,Bonny Wolf
OL3065012A,Russell Jeavons
OL1801018A,Mariana Honig
OL59792A,Georgina Campbell
OL2043840A,Ivan Baker
OL2864928A,Publications International
OL3134087A,Rachel Carlyle-Gauthier
OL3134088A,Billie McCrea
OL3733114A,Michel Suas
OL404584A,Nick Malgieri
OL455565A,Dorie Greenspan
OL385604A,Dede Wilson
OL9922250A,Parkinson Eleanor
OL395598A,Linda Collister
OL544826A,Jim Fobel
OL543494A,Annette Wolter
OL581363A,Joanne Lamb Hayes
OL25472A,Pamela Duncan Edwards
OL888947A,Mary Chalmers
OL925940A,Catherine Atkinson
OL956650A,E. J. Pyler
OL828630A,Bill Neal
OL1462472A,Rita Davenport
OL8241648A,Weibiao Zhou
OL949149A,Y. H. Hui
OL2762200A,Jennifer Appel
OL1431232A,Allysa Torey
OL3148095A,Sophie Michell
OL231941A,Bette Hagman
OL1391503A,Isis Crawford
OL222413A,Jim Aylesworth
OL6890205A,Zilly Rosen
OL6847952A,Meg Ray
OL1434569A,Doris Christopher
OL6510018A,Tarek Malouf
OL4994688A,Tamar Cohen
OL19365A,Jacqueline Wilson
OL6828384A,Erin Bolger
OL7407649A,Suzanne Nelson
OL2660071A,Suzanne Nelson
OL7614523A,Elisabeth M. Prueitt
OL2833453A,Chad Robertson
OL2833465A,France Ruffenach
OL530475A,Alice Waters
OL1655231A,Shirley Parenteau
OL7234724A,Lorraine Pascale
OL19116A,Joanne Rocklin
OL6613382A,Leila Lindholm
OL246851A,Linda Chapman
OL7534171A,Alix Carey
OL5349031A,Carolyn White
OL2731057A,The Culinary Institute of America (CIA)
OL7369828A,Regina Hart
OL7298985A,Ruth Clemens
OL5049024A,Jane Brocket
OL7607734A,Valerie Baer
OL576581A,Colette Peters
OL388756A,Jamie Gilson
OL9098780A,Mima Sinclair
OL589508A,Joanna Farrow
OL9921869A,Weild John
OL1710109A,Ellen Orton
OL2727500A,Louise Blair
OL2361147A,George Scurfield
OL888772A,Janet Johnston
OL2840947A,Harold Corke
OL217652A,Elisa Kleven
OL24564A,Marjorie Priceman
OL230778A,James Beard
OL657755A,Mary Goodbody
OL545880A,Jane Stacey
OL837296A,Diane Zahler
OL1347902A,Dolores Casella
OL956221A,Karen Berg
OL443041A,Mimi Sheraton
OL3007575A,Janet Briggs
OL3159537A,Duncan Manley
OL3080289A,Annalise G. Roberts
OL2884305A,King Arthur Flour
OL2133905A,D. W. Kent-Jones
OL1458357A,Frederick Davies
OL2629701A,Laura Joffe Numeroff
OL2976825A,Mary Ford
OL3054789A,Dean Brettschneider
OL2838115A,Debby Maugans Nakos
OL391570A,Debbie Maugans Nakos
OL3826991A,Wulf T. Doerry
OL448368A,Ruth Isabel Ross
OL454652A,Carol Pastor
OL2730616A,Pillsbury Editors
OL400224A,Verna Wilkins
OL460632A,Carol Rudoff
OL467672A,Robert Wells
OL3131557A,Iain Davidson
OL1480047A,Vanessa Curtis
OL8082438A,Cherie Bevan
OL8082439A,Tass Tauroa
OL10744576A,Hans Welker
OL10744577A,Lee Ann Adams
OL237164A,Rose Levy Beranbaum
OL7488117A,Ruth Owen
OL407538A,Emily Nolan
OL397163A,Ken Haedrich
OL401199A,Marcy Goldman
OL394513A,Carole Walter
OL740813A,Harold Bagust
OL657788A,Norah Dooley
OL764009A,Helen Drew
OL766292A,Judith Baskerville
OL547761A,Abigail Johnson Dodge
OL527273A,Maj Lindman
OL4587500A,"Pillsbury Mills, Inc"
OL6879017A,Martha Lee Anderson
OL973615A,J. Thompson Gill
OL1432903A,Noble Masi
OL2652396A,Culinary Fed American Culinary Federation The
OL2652343A,Brenda R. Carlos
OL1345652A,Ada Lou Roberts
OL1120215A,Judy Gorman
OL1171969A,François Pierre de La Varenne
OL1159980A,Michael Donovan
OL14989602A,R. Andrew Chlebana
OL14989603A,Susan Notter
OL1517043A,Brenda Rhodes Miller
OL7524669A,Susanne Ng
OL8233441A,Morgan Morano
OL7978405A,Jo Wheatley
OL233924A,Gail Sher
OL2879202A,Mich Turner
OL7527338A,Emilie Raffa
OL7527358A,Yolanda Gampp
OL7609249A,Ada Quinlivan
OL8119554A,Olivia Potts
OL7527375A,Susan Jane White
OL226106A,Carole Bloom
OL549456A,Clyde E. Stauffer
OL6822137A,"Publications International, Ltd"
OL219785A,Annie Bell
OL7317060A,Emma Goss-Custard
OL1448777A,Rose Prince
OL6888637A,Virginia Lowell
OL226770A,John Ettinger
OL2843424A,Bob's Red Mill Family
OL6742847A,Keith Harvey
OL6889169A,Bakerella
OL7324989A,Angie Dudley
OL6761706A,Brenda Hopkin
OL27069A,Dee Lillegard
OL34706A,Linda Hayward
OL9083681A,Laura E. Kelly
OL7328709A,Detra Denay Davis
OL6890206A,Shelly Kaldunski
OL2760918A,Angela Nilsen
OL2865149A,Sarah Maxwell
OL490518A,Janice Murfitt
OL6504874A,Karen Weinreb
OL7413698A,Ruby Ann Phillips
OL7595736A,Jenny Keller
OL7390603A,Joanne Chang
OL3757608A,Candice Brown
OL5578035A,Cindy Mushet
OL6562744A,Shuying Liang
OL2644353A,Lucy Young
OL24780A,Pillsbury Company.
OL7324882A,Ruth Homberg
OL7540076A,Martha Collison
OL7594404A,Josey Baker
OL7599638A,Amy Eilert
OL7594289A,Victoria Redhed Miller
OL55212A,Joyce Dunbar
OL1517167A,Polly Dunbar
OL7531805A,Sally McKenney
OL7594231A,Kate Lebo
OL6822858A,"Land O'Lakes, Inc"
OL3292414A,Alison Walker
OL697831A,Robert W. Pelton
OL7668333A,Angelika Kirchmaier
OL7723609A,Martha Day
OL7331813A,Edd Kimber
OL7608982A,Caroline Wright
OL3324915A,Christine McConnell
OL6839638A,Aki Kamozawa
OL5077820A,Heather Kim
OL7541255A,Rosanna Pansino
OL550251A,M. Christina Butler
OL530902A,Anne Byrn
OL11686234A,R.P. Kengis
OL389344A,Lora Brody
OL383581A,Lars Klinting
OL24300A,Anastasia Suen
OL9131995A,Ann Reardon
OL382963A,Charlotte Herman
OL386075A,Sarah Eppenbach
OL2673339A,Aaron Maree
OL56240A,Catherine Brown
OL1973869A,Maria Bird
OL1976538A,E. B. Bennion
OL1605395A,Marjorie Johnson
OL2747340A,Belinda Jeffery
OL2727355A,Carole Handslip
OL2758019A,Nestle
OL2667474A,Ray Gibson
OL1477892A,Christyan Fox
OL3099987A,Diane Fox
OL3146682A,Anneka Manning
OL2974360A,Tom Herbert
OL27838A,Betty Crocker
OL6847848A,Paula Shoyer
OL35864A,Rebecca Emberley
OL4768254A,James Peterson
OL387380A,James Peterson
OL7081637A,Peter Sidwell
OL7068344A,Dani Cone
OL7065705A,Kelly Jaggers
OL7108064A,Emily Ansara Baines
OL6645087A,Jennifer Katzinger
OL18722A,Jane Yolen
OL7903260A,A12 Heidi E. Y.
OL2630623A,Heidi E. Y. Stemple
OL7331732A,Sima Elizabeth Shefrin
OL237029A,L. J. Washburn
OL2725974A,Livia J. Washburn
OL7416949A,Shirley Fan
OL219602A,Janet Stevens
OL4515073A,Lina Wachtelborn Meier
OL383975A,Beth Hensperger
OL383844A,Chuck Williams
OL1078360A,Rena Coyle
OL2967622A,Kate Hannigan
OL7836699A,Brooke Boynton Hughes
OL2102345A,Maria Floris
OL19616A,Sarah Weeks
OL5142930A,Daniel T. DiMuzio
OL1399894A,Gina Greifenstein
OL6995960A,Caroline Bretherton
OL1637897A,Patty Fisher
OL1460363A,Patricia Mayo
OL12048376A,Rumford Chemical Works
OL3391201A,W. J. Fance
OL3231997A,Caroline Crossland
OL3109730A,From the Editors of Good Housekeeping
OL3086862A,Liz Ashworth
OL3119569A,Matt Lewis
OL1668262A,Culinary Arts Institute.
OL1659193A,Louise Spencer
OL2958725A,Donald A. Gazzaniga
OL2787867A,Rose Carrarini
OL2888150A,Audrey Ellison
OL3297158A,Kathleen King
OL3297187A,Mike Wheeler
OL3480089A,Dave Byrne
OL3281417A,Rosemarie Emro
OL3297875A,Shira Wiener
OL3297876A,Ayelet Yifrach
OL1779176A,Myra Street
OL1776152A,"Creative Educational Society (Mankato, Minn.)"
OL2938988A,Creative Educational Society
OL1825930A,Eliza Acton
OL1764753A,Judith Wolman
OL1841424A,Hilde Graff-Hädecke
OL2192874A,Nikolaĭ Vladimirovich Zaĭt͡sev
OL59505A,Christie Katona
OL2142399A,Emma W. Rice
OL1444726A,George Geary
OL2433419A,Edward W. Habermaas
OL2864951A,Ltd. Publications International
OL2659856A,Ellen Weiss
OL76562A,George Mateljan
OL2944208A,Jill Foster
OL2958921A,Editors of Cook's Illustrated Magazine
OL3538701A,Melissa Murphy
OL3859763A,Roger Pizey
OL3728022A,Elaine Brensing Wolf
OL3799313A,Janice Poon
OL10079326A,Greg Patent
OL2629055A,The Baker's Dozen
OL450863A,Sarah E. Myers
OL7491141A,Nigella Lawson
OL10859958A,Melanie Andrews
OL2960800A,Isser Gottlieb
OL7306869A,Clare O'Connell
OL7707807A,Smilla Luuk
OL8072657A,Hannah Queen
OL2958831A,Julie Jones
OL3948132A,Lisa Linder
OL3820794A,Sue Becker
OL7790874A,John Whaite
OL3116199A,Monica Sweeney
OL7713871A,Justin Gellatly
OL8101974A,Louise Gellatly
OL6830155A,Matthew Jones
OL7415419A,Clémentine Beauvais
OL8056431A,GAIL'S Staff
OL8056432A,Roy Levy
OL8056433A,Gail Mejia
OL8100887A,Cenk Sonmezsoy
OL2727325A,Carole Clements
OL8091657A,Nicola Senior
OL383875A,Jane Pettigrew
OL9926301A,Editors of Bake Magazine Editors
OL441061A,Phil Kettle
OL3014644A,Leslie Kettle
OL1709577A,Margaret Fulton
OL7296710A,Better Homes & Gardens
OL8054381A,Culinary Institute of America (CIA) Staff
OL3109732A,Susan Westmoreland
OL7603926A,Christine Honders
OL7303243A,Zoe Clark
OL10601901A,Rosanne Hewitt-Cromwell
OL9403771A,Fleishmann Co
OL219304A,Lauren Chattman
OL2630351A,Megan Brenn-white
OL1001969A,Linda Fraser
OL154981A,Mrs. Beeton
OL6947839A,Gerard Baker
OL3795500A,Oliver Peyton
OL10217590A,Lottie Bedlow
OL7590370A,Claire Gosse
OL9590329A,Brad Gosse
OL13377088A,General Foods Corporation. Consumer Service Department
OL2485124A,Hilary Biller
OL3858741A,Jenny Kay
OL13889868A,Elinor Storkey
OL13661953A,Henry Awayan
OL2756297A,David Horspool
OL13237487A,Dan Langan
OL7023218A,King Arthur Flour (Firm)
OL748979A,L. J. Hanneman
OL768071A,Barbara Methven
OL606837A,Elbie Lebrecht
OL9328005A,Paul Hollywood
OL586030A,Olga Bravo
OL586372A,Sheila Gore
OL7602601A,Samantha Seneviratne
OL3361568A,Julian Day
OL619063A,Carol Watson
OL12722671A,IBÁN YARZA
OL506123A,Linda Smith
OL11658874A,Thomas Mills & Brother
OL534378A,Murray Jaffe
OL11662294A,Olive C. Daniell
OL530274A,Caroline Liddell
OL526273A,Mäni Niall
OL592040A,Elizabeth MacLeod
OL1193679A,Kathleen Pohl
OL1429485A,Gail Sokol
OL1387685A,David Michael Slater
OL1320255A,Walther Adrian
OL1429979A,Bernice Kohn Hunt
OL841162A,Prudence Hilburn
OL945778A,Sara Mansfield Taber
OL984823A,Giuseppi Rudmani
OL1123509A,David Munn
OL1393321A,Judith Ryan Hendricks
OL1328841A,"Nakagawa, Rieko."
OL1389661A,Maxine Clark
OL1030781A,Janette Marshall
OL1172834A,Mathew Malzbender
OL1172921A,Paul Richards
OL33399A,JoAnna M. Lund
OL1235757A,Diana Scesny Greene
OL18520A,United States. Army. Quartermaster Corps.
OL838069A,Beatrice Trum Hunter
OL833716A,Franco Galli
OL848929A,Doris Gundersen Eikenbery
OL2448317A,Royal Baking Powder Company
OL2462920A,Sarah Hughes
OL8366727A,Joyce Klynstra
OL8366728A,Laura Klynstra
OL51602A,"Jones, Lloyd"
OL8260332A,Rochel Lieberman
OL7488828A,Claire Belton
OL8368515A,Jason Schreiber
OL8235522A,Cathryn Dresser
OL3197276A,Stork
OL7442965A,Rachel Hollis
OL8368326A,Bobbie Lloyd
OL8650045A,Lisa Huff
OL7320290A,Lorna Brash
OL7492564A,Poh Ling Yeow
OL7131508A,Elinoʻar Rabin
OL4996300A,Danit Salomon
OL8237742A,Renato Poliafito
OL421756A,Brian Kennedy
OL232427A,Jo Packham
OL2747371A,Larousse
OL561409A,Claus Meyer
OL8225531A,Kathryn Anible
OL8611890A,Lisa Flodin
OL8611891A,Camilla Perez
OL8611892A,Charlie Drevstam
OL8367870A,Lauren Ko
OL6769374A,Amy Ackelsberg
OL43344A,Tish Rabe
OL725844A,Tom Brannon
OL7528639A,Ruby Tandoh
OL234252A,David Melling
OL7306332A,Linda Andersson
OL2843448A,Jude Blereau
OL7599641A,Mariann Andersson
OL239441A,Dan Andreasen
OL7068676A,Lori Rice
OL122047A,William Alexander undifferentiated
OL456135A,Kathy Gunst
OL2833111A,Katherine Alford
OL7956780A,Bernadette Gee
OL7531981A,Andris Lagsdin
OL7531999A,Dini Kodippili
OL2736999A,Linda Civitello
OL6619911A,Jim Lahey
OL7527352A,Erin Jeanne McDowell
OL575849A,Alice Medrich
OL2892200A,Theo Heras
OL2691879A,J. M. V. Blanshard
OL3677752A,P. J. Frazier
OL331844A,"Curran, Colleen"
OL7293156A,Holly Farrell
OL7068557A,Jason Ingram
OL1452170A,Daisy Meadows
OL32893A,Nicola Moon
OL8235180A,Phillippa Grogan
OL8067886A,Richard Cornish
OL8032496A,Mark Chew
OL7518998A,Stephanie Alexander
OL7757380A,Mimi Council
OL8264899A,Kimmy Fasani
OL6881250A,Todd Knaster
OL3109768A,Dominique DeVito
OL6881290A,Fiona Cairns
OL7674001A,Aimee Twigger
OL7667009A,Henrietta Inman
OL2680611A,Serpil Sahin
OL227325A,Judith C. Sutton
OL231035A,Judy Delton
OL230004A,Sally Sampson
OL6787762A,Jane Hornby
OL6854470A,"Nestlé USA, Inc"
OL1458877A,Time-Life Books
OL232513A,Sara Perry
OL229836A,Joan Nathan
OL8771272A,Ayelet Hirshman
OL222404A,James Villas
OL62087A,Margaret Nash
OL218266A,Karen Magnuson Beil
OL8446191A,Amy Glander
OL1100226A,Susan Mills
OL3035601A,Diana Shara
OL7350683A,Peggy Porchsen
OL7334618A,Kim Laidlaw
OL32072A,Dandi Daley Mackall
OL6822503A,Richard Cowdrey
OL7299226A,Signe Johansen
OL7067988A,Lori Sandler
OL6751255A,Friederike Friedel
OL228155A,Helene Siegel
OL2896612A,Karen Gillingham
OL230279A,Marion Cunningham
OL6838803A,"KitchenAid, Inc"
OL7135379A,Lorena Novak Bull
OL395532A,Tami Deedrick
OL454295A,Eric Seltzer
OL3023731A,Sarah Randell
OL2928694A,Wilton Enterprises
OL2843404A,Jennifer Lindner McGlinn
OL6813455A,Kelli Bronski
OL7026556A,Miisa Mink
OL6873562A,Buddy Valastro
OL787133A,Susan Vernon Smith
OL2626804A,Tom Smith
OL6832212A,Daniel Stevens
OL5097575A,Ciril Hitz
OL29834A,Susan Saunders
OL2197693A,Margaret Rudkin
OL6444883A,Linda Edwards
OL6626505A,Duff Goldman
OL118814A,Ambrose Heath
OL162466A,Arthur Wellington Brayley
OL20754A,Anne F. Rockwell
OL2969517A,Nancy Morton
OL6822682A,Wesson Oil and Snowdrift Company
OL2004231A,Martha Ellen Katz
OL401659A,Kim Boyce
OL3137704A,Mark Hix
OL2850028A,Dee Leone
OL7304225A,Dunja Gulin
OL7077484A,Allyson Kramer
OL6782865A,Lara Ferroni
OL25091A,Susan Waggoner
OL3765642A,Anica Mrose Rissi
OL20521A,Lucy Cousins
OL5367460A,Tzippora Kreizman
OL5182230A,Shirley O. Corriher
OL5488102A,Lovina Eicher
OL44318A,Marguerite Patten
OL5464205A,M. Neira
OL4242549A,Maria Neira
OL4242550A,A. Wennberg
OL4473363A,British Museum
OL4894352A,Shahida.
OL4165340A,Pengzhan Li Zeng
OL6570169A,Cheese Board Collective.
OL6575658A,Xuexia Chen
OL2973845A,Hsueh-Hsia Chen
OL2973823A,Wei-Chuan Publishing
OL6565882A,Mutsuko Shimazu
OL6614882A,Kelly Rudnicki
OL6370245A,Pawel Gorecki
OL4222574A,Rosa Luengo
OL3211993A,Rocio Martinez
OL4197953A,Kena
OL158003A,John Gould
OL20981A,Dana Meachen Rau
OL6175649A,Lihua Lin
OL2973832A,Lee-Hwa Lin
OL5387042A,"International Industrial Ergonomics and Safety Conference (1993 Copenhagen, Denmark)"
OL6832296A,Tracey Corderoy
OL7109323A,Steven Lenton
OL7543550A,Ellen King
OL7522385A,Stella Parks
OL240269A,Ethel Footman Smothers
OL234934A,Maryann Macdonald
OL7518213A,Debbie Adler
OL7522617A,Lindsay Conchar
OL236624A,Sara Lewis
OL7534140A,Tara Jensen
OL7534142A,Jerrelle Guy
OL7538353A,Jordan Bourke
OL7535944A,Brittany Bennett
OL7529917A,Caroline Khoo
OL7592406A,Katie Deacon
OL7145240A,Yvonne Ruperti
OL7589737A,Kir Jensen
OL7599144A,Mary-Anne Boermans
OL6960996A,Yvette van Boven
OL7601534A,Jenni Hulet
OL7601535A,Brittany Angell
OL7310628A,Anna Staniszewski
OL3085575A,Marilynn Brass
OL1401428A,Evelyn Raab
OL2982072A,Roxanne Wyss
OL7068460A,Cheryl Day
OL2630800A,Genevieve Ko
OL7653306A,Giselle Courteau
OL3098579A,Tracey Zabar
OL7641577A,Griffith Day
OL7596291A,Zoe Nathan
OL7596313A,Charmian Christie
OL227170A,Mark Bittman
OL7596578A,Cara Reed
OL7596581A,Lee Anne Wong
OL7519941A,Anna Conrad
OL7616727A,Kevin MacAllister
OL7616728A,Ashley Wittig
OL7632428A,Erin Mylroie
OL7599147A,Molly Gilbert
OL7608553A,Tessa Huff
OL3236989A,Anika Denise
OL7528400A,Chetna Makan
OL7612742A,Alanna Taylor-Tobin
OL7323641A,Kate McMillan
OL3726710A,Alison Thompson
OL2629933A,Bette Laplante
OL2629934A,Diane Cuvelier
OL8355590A,Rachel Conners
OL227128A,Maria Bruscino Sanchez
OL7793664A,Bonnie Ohara
OL6871468A,Shalom Ḳadosh
OL1269577A,ʻAdah Kohen
OL221904A,Anissa Helou
OL2830797A,Gennaro Contaldo
OL904271A,Anonymous
OL8097204A,Sarah Rainey
OL7442739A,Laurel Randolph
OL8169193A,Martin Johansson
OL8104902A,Pillsbury Pillsbury Editors
OL7758428A,Preston Yancey
OL7596181A,Erin Gardner
OL2733131A,Stephanie Turnbull
OL239672A,Meredith McCarty
OL7798554A,Jana Douglass
OL7109177A,Shauna Sever
OL7324911A,Jojo Tulloh
OL7983050A,Apollonia Poilâne
OL7983051A,Philippe Santamaria
OL8049089A,Hollis Wilder
OL7324845A,Tina Rupp
OL2624356A,Clive Streeter
OL8008756A,"Drake, Angela (Home economist)"
OL8008757A,Teresa Goldfinch
OL7407616A,Christine France
OL7984627A,Amy-Beth Ellice
OL7667019A,Virginia Horstmann
OL7594699A,Kelsey Kinser
OL7655005A,Cheryl Wakerhauser
OL7670226A,Carine Goren
OL2798310A,Angela Drake
OL1424430A,Susannah Blake
OL7521745A,Hayley Parker
OL4637516A,Eric Mitchell
OL7037307A,Sarabeth Levine
OL7720871A,Janis Owens
OL7729329A,Ted Wolff
OL7597129A,Kamran Siddiqi
OL7604668A,Allison Waggoner
OL236691A,Greg Patent
OL7535514A,Jessie Sheehan
OL7529260A,Shannon Sarna
OL7543930A,Julia Konovalova
OL7303566A,Jeanne Sauvage
OL7106535A,Claire Ptak
OL6613305A,Hannah Miles
OL28810A,Lisa Snyder
OL3471107A,Kelly Smith
OL7087385A,Cecilia Vikbladh
OL3079149A,Karen Mitchell
OL7132537A,Carrie S. Forbes
OL6697273A,Celine Steen
OL462657A,Marilyn M. Moore
OL2624294A,Rachel Allen
OL529462A,Jane Kinderlehrer
OL12520852A,Great British Bake Off
OL6875939A,General Foods Corporation
OL576699A,Nancy Coffelt
OL577233A,Judith Choate
OL386354A,Jill Van Cleave
OL383586A,Teresa Layman
OL9295445A,Inc Randolph Mills
OL7347207A,Sarah Trivuncic
OL10056082A,The Great British Bake Off
OL3087229A,Patrice de Villiers
OL9798807A,Gail Reitano
OL7890637A,S.P. Cauvain
OL9722490A,L. S. Young
OL8333971A,Howard Middleton
OL9518527A,Jenny Burgesse
OL7697623A,Sherry Gore
OL3838135A,Henry Herbert
OL381867A,Carol Ryrie Brink
OL66576A,Patricia Mitchell
OL2643882A,Good Housekeeping Institute
OL2675827A,RH Disney
OL2644182A,Mary Contini
OL2675971A,Southern Living Magazine
OL2644291A,Amy Willcock
OL1754324A,Fawzeya Rizqallah
OL1962126A,Ursel Norman
OL1908040A,Sandra Takako Sandler
OL1870550A,Charles D. Wilford
OL1873042A,Gertrude Wilkinson
OL54791A,Martha Stewart
OL1655839A,Anita Borghese
OL1607627A,Caroline Barty
OL18435A,United States Department of War
OL2957791A,Helen Jerome
OL2292469A,Ralph M. Bohn
OL1765252A,Rose Cantrell
OL1864670A,Stella Standard
OL1780573A,Albert R. Daniel
OL2757341A,Regan Daley
OL2733269A,Andrea Beck
OL2754571A,Elizabeth Wolf Cohen
OL2763376A,Victoria Magazine
OL2763468A,From the Editors of Victoria Magazine
OL2747204A,Pillsbury
OL68968A,Sue Lawrence
OL2727286A,Better Homes and Gardens
OL2703802A,Macarena Salas
OL2270407A,Alexander Urie
OL1436335A,Avner Laskin
OL1427978A,Krystina Castella
OL1459349A,Jenny Partridge
OL1477067A,Loren Hodes
OL2940663A,Hachai Publishing
OL1520763A,Gerhard Jenne
OL1550841A,Lynn Kutner
OL7143399A,Alison Pray
OL242067A,Gillian Cross
OL75249A,Sybil Kapoor
OL7348888A,Matt Kadey
OL6510079A,Krista Davis
OL2793717A,Gino D'Acampo
OL239541A,Mark Teague
OL194621A,Rebecca Reilly
OL19862A,Lisa Papademetriou
OL19943A,Jonathan London
OL19580A,Gail Gibbons
OL23981A,Amy Krouse Rosenthal
OL6722310A,Denise Smart
OL6814254A,Kris Holechek
OL26671A,Elizabeth MacDonald
OL2705755A,Annamaria MacDonald
OL9158330A,Claire Smith
OL2727963A,Adriana Rabinovich
OL1460441A,Norah Smaridge
OL21315A,Carolyn Meyer
OL7122327A,Ken Forkish
OL187415A,Lela Nargi
OL6840112A,Culinary Institute of America
OL7008986A,Taste of Home Books
OL6832211A,Pam Corbin
OL6954293A,Jaclyn Sullivan
OL184882A,Carol Greene
OL5013405A,Pillsbury Company
OL2677510A,Diane B. Anderson
OL2677511A,Elaine Christiansen
OL7402132A,Lutz Geißler
OL8596984A,Björn Hollensteiner
OL978249A,Florence B. Jack
OL216762A,Kari Smalley Gibson
OL216278A,Sara Kasdan
OL7414304A,Shannon Grogan
OL2762090A,Sylvia Weinstock
OL1603276A,Kate Manchester
OL3093613A,Mayflower Culinary
OL225141A,Damon Lee Fowler
OL2927536A,Duncan Hines (company)
OL5211616A,Monika Schumacher
OL6028066A,Eleanor Kirk
OL7062589A,Ruth Walton
OL2368091A,Virginia Roberts
OL1074319A,"De Gouy, Louis Pullig"
OL1324393A,Anne Wilson
OL576626A,Deborah Krasner
OL3734242A,Mar'ce Merrell
OL7611302A,Ramla Khan
OL1435783A,Noga Hitron
OL815098A,Linda Young
OL4429255A,George Read
OL229493A,Judith Jones
OL5084433A,Barbara Beery
OL2733205A,Rebecca Gilpin
OL3315415A,Lloyd Moxon
OL3300789A,Donald Gazzaniga
OL3348598A,Amy Weingartner
OL3406542A,Cecilia Hinde
OL3386436A,Bonnie Raphael
OL2908671A,Stanley P Cauvain
OL3018295A,Janie Quinn
OL3018791A,Jean Pare
OL3165583A,Patrik Jaros
OL3068705A,The Eckert Family
OL3213353A,Qiongbai Liang
OL3109775A,Lorraine Johnson Coleman
OL3125888A,Sara Kate Gillingham-Ryan
OL3006347A,Rhodes Breads
OL3136903A,Felicity Foster
OL3086366A,Veronika Gunter
OL1741479A,Edna Staebler
OL1729613A,Anny Bjerkebæk
OL1742159A,Gabriele Mährlein
OL1707210A,Lennart Erik Jansson
OL1564724A,Archiv für Westfälische Volkskunde.
OL1607193A,Timothy Firnstahl
OL1711531A,Good Housekeeping Institute (Great Britain)
OL1663015A,Aline Becker
OL2911980A,Julie Schnittka
OL3005452A,Kristine Bateman
OL3011556A,Lawson
OL3023752A,Jennifer Low
OL76910A,"Sato, Satoru."
OL2787380A,Michael Arthur
OL2795208A,Christopher Conil
OL2824716A,Paul Humphrey
OL2843187A,Walter Staib
OL2929789A,Cooperative Whole Grain Education Associ
OL3253362A,Colleen Patrick-Goudreau
OL79866A,Susan Devins
OL3234782A,Lois Tlusty
OL3150510A,Mq Publications
OL3173499A,August Oetker
OL3150469A,Linda Collister     
OL3099557A,Matteo Faglia
OL3015116A,Wendy Stephen
OL1779104A,Michael Raffael
OL1755501A,Melinda Green
OL1666133A,Pierre Liénard
OL2217783A,Otto Doose
OL2193899A,United States. Supplies and Accounts (Navy Dept.)
OL2216156A,I. M. Roĭter
OL2136498A,Wilfred J. Fance
OL2076838A,Eugene Kowalski
OL2161668A,"Mayer, Eduard."
OL2177324A,American Gas Association. Committee on Industrial and Commercial Gas Research.
OL2117744A,Judee Disco
OL2134341A,Robin Hood Flour Mills.
OL2139488A,Michel Vander Stichelen Rogier
OL2071828A,Irol Whitmore Balsley
OL2100112A,Desmond H. O'Connell
OL2079112A,Edward Logan Mackenzie
OL2047377A,Heleen A. M. Halverhout
OL2041697A,Marianne Grönwall Van der Tuuk
OL2058072A,K. J. Dean
OL1864150A,Patricia Sinclair
OL1763806A,Evelyn Dorio
OL1654980A,Elise W. Manning
OL1572834A,Jan Hampl
OL1434380A,Maggie Glezer
OL1454139A,Piet Sluimer
OL1454644A,Barbara Goodfellow
OL2436711A,Albert F. Gerhard
OL2348424A,Charles A. Glabau
OL2353161A,American Honey Institute.
OL2368666A,"White, John baker, Dunbar."
OL2465825A,Karol Redfern Hamper
OL2372757A,"Pillsbury Mills, Inc."
OL2458229A,Emily Riesenberg
OL64822A,Leon Rooke
OL2441570A,Royal Baking Powder Company.
OL2380176A,Mary Kinnavey Moore
OL2379623A,Heinrich Hammerschmidt
OL2374634A,"Jago, William"
OL2766092A,Martha Wolf
OL2812577A,Steck-Vaughn Company
OL3088761A,Gaitri Pagrach-Chandra
OL3088764A,Francois Pierre La Varenne
OL3066338A,Leslie Mackie
OL3066502A,Ellen Abraham
OL3066516A,Valerie Cupillard
OL3101665A,Cindy Baker
OL3057925A,Muriel Miura
OL2684663A,Reader's Digest
OL3070643A,Maureen Fischer
OL3094157A,Francesca Dipaolo
OL2911990A,Taste of Home Editors
OL2908078A,Fleischmann's Yeast
OL3040129A,Teresa Armas
OL3134190A,Tamara Milstein
OL3061876A,Shirleen Sando
OL3052748A,Judy Paterson
OL3047707A,B Dunleavy
OL3075479A,Catherine Safer
OL3046889A,Elizabet Wolf Cohen
OL3039122A,Judith M. Fertig
OL3049353A,Nancy Overmyer
OL3071782A,Colorado State University Cooperative Extension
OL2770289A,Better Homes and Gardens Editors
OL2814848A,Grace Mulligan
OL2829266A,Photography by Ray Joyce/Illustrated by Barbara Rodabska
OL2956920A,Jane Bull          
OL2956996A,fiona roberts
OL2956997A,shelly doyle
OL6892220A,'Confident Cooking'
OL2838562A,Roben Ryberg
OL2919716A,Carole Gregory
OL2904811A,Margaret Braun
OL2916175A,H.G. Muller
OL2925595A,Stella Hartwell
OL2905807A,Linda Edwards
OL2795341A,Diana Bonaparte
OL542987A,Susan Gold Purdy
OL3711510A,Lynne Sawford
OL3599828A,Julia Myall
OL3779184A,Malcolm Long
OL3726157A,Tom Newhaus
OL3788672A,Heilie Plenaar
OL3734251A,Beijia Lin
OL3633579A,Marg Ruttan
OL3539194A,Barbara goodfellow
OL3513015A,Priscilla Warren
OL3669084A,MARY FORD
OL3852765A,Pat Rutherford
OL3820312A,Fran Stephens
OL3550635A,Vivian Whitchurch
OL3402954A,Alison Saeger Panik
OL3806275A,Malcolm Holloway
OL3693567A,NORWAK
OL3522078A,Arlene Wright-Correll
OL3740983A,Sabine Faltenbacher-Walker
OL3680619A,W.P. Edwards
OL3633271A,amendola joseph
OL3714665A,Editors of Publications International
OL3873698A,Ania Catalano
OL2755171A,Elizabeth Wolf-Cohen
OL10831191A,Charlotte Pike (Co
OL7366451A,Joseph Green
OL908771A,James Thompson
OL9389029A,Richard Hornbuckle
OL518080A,Henry Seymour Conway
OL9389068A,William Losh
OL9389069A,Samuel Balden
OL7221360A,United States. Department of Agriculture. Press Service
OL2967625A,Lou Weber
OL3042405A,Letty Flatt Halloran
OL3042421A,Wheat Montana
OL3781393A,Pam Price
OL64292A,Jean Anderson
OL2843388A,Kim Barnouin
OL10242097A,"Crocker, Ed.D., Betty"
OL10244870A,Better Homes Gardens
OL402535A,Boniface Brother
OL6195428A,Sarah Phillips
OL403550A,Sarah Williamson
OL404470A,"Warren, Ann."
OL7602256A,"Hughes, Jane (Food writer)"
OL7118450A,Yu Bao
OL5366355A,Chuck Williams
OL473577A,Bernie Zubrowski
OL14060496A,Patrick Moore
OL3458782A,Robin Heald
OL469238A,"Parks, Robert J. chef."
OL10817124A,Alyssa Gangeri
OL447198A,Steven L. Kaplan
OL10813959A,Todd Coopee
OL10811825A,Irina Chadeeva
OL462487A,Fondano Matrullo
OL8031346A,Pearson Education Staff
OL2779080A,Felicity Jackson
OL574399A,Candace Nelson
OL446172A,Edda Servi Machlin
OL1128769A,Rosemary Wadey
OL2643864A,Janet Smith
OL3678170A,Emma Lee-Gow
OL3023812A,Emma-Lee Gow
OL7587418A,Huijun Hu
OL10926122A,Jenny Lewis
OL477140A,"Szabadfalvi, József."
OL460792A,Mary Jermanok
OL8072449A,Williams-Sonoma Editors
OL8095446A,S. P. Cauvain
OL7607742A,Francine Bryson
OL34539A,Jeff Foxworthy
OL8056523A,Karla Goodwin
OL8056524A,Kate Grewal
OL7609169A,Veronica Lavenia
OL6792676A,Jenn McKinlay
OL7653300A,Caren McSherry
OL8110522A,Kathleen Robbins
OL8115480A,Z. A. C. POSEN
OL7039369A,Trina Hahnemann
OL3563160A,Good Housekeeping Editors
OL963280A,"James, Michael"
OL7962785A,Pippa James
OL8031807A,Cider Mill Press Staff
OL8102101A,Caracciolo Elisi Barbara
OL8015603A,Katy Cannon
OL1639871A,"Barker, Paul"
OL8091156A,Pheobe Wood
OL7969836A,Kirsten Jenkins
OL2623884A,Ysanne Spevack
OL7322775A,Nicki Dowey
OL8073272A,Lorena Susak
OL7634201A,Karlynn Johnston
OL7506400A,Abigail Wheatley
OL8038572A,Rps Stationery
OL223189A,Pat Mora
OL2710684A,Publications International Ltd.
OL393239A,Carla Bardi
OL393190A,Alison Molinare Boteler
OL9968863A,Robin Hood Flour Mills Limited
OL9968890A,St. Lawrence Flour Mills Co
OL807517A,Jacqui Hine
OL8581782A,Miri Libovits' Shrusṭer
OL7994012A,Betty Crocker Editors
OL1012470A,Robert Owens
OL2871586A,Donna Owens
OL8094753A,Melissa Sharp
OL8554062A,Guosheng Chen
OL7736299A,Murdoch Books Test Kitchen
OL7299922A,The Australian Women's Weekly
OL7692505A,Anna Taylor
OL10714798A,George G. Wieser
OL526730A,Hedi Levine
OL10731382A,Frances Elizabeth Mezo
OL10757784A,A. Bent
OL10757785A,D. Thacker
OL10713286A,Adelheid Dobner
OL3806273A,Janet Illsley
OL583921A,Louise Pickford
OL8059402A,Charlotte Coleman-Smith
OL10736570A,Inge Harris
OL1553682A,Gillian Harris
OL3244121A,CIA
OL442158A,Lionel Koechlin
OL7909760A,Lorna Ables Reeves
OL10758819A,Seandine Brenneman
OL443923A,Rick Curry
OL9098599A,Veronica Cuskelly
OL1707309A,Jule Wilkinson
OL10776283A,Robert A. Chlebana
OL443604A,Sondra Gordon Langford
OL7415137A,Jo Seagar
OL9707584A,Priscilla Martel
OL7580045A,B. S. Kamel
OL10765836A,C. E. Stauffer
OL443048A,Nancy Silverton
OL10749207A,"Coppedge, Richard J., Jr."
OL1436657A,Julie Haydon
OL10526973A,Jeffrey Cerciello
OL3668184A,Susie Heller
OL474897A,Thomas Keller
OL239246A,Deborah Jones
OL7506460A,Michael Ruhlman
OL6846635A,Quaker Oats Company
OL7311072A,Catherine Fulvio
OL8111426A,Lorna Honeywell
OL2828993A,Parragon
OL8040476A,Publications International Ltd. Staff
OL900040A,Gilli Davies
OL3089587A,Huw Jones
OL1824356A,Christine Brady
OL2622187A,Varios
OL8076099A,Rockridge Rockridge Press
OL6581109A,Elena Suchkova
OL3159302A,Alain Coumont
OL10223890A,Dorling Kindersley Publishing Staff
OL8064482A,Barbara Feldman Morse
OL442659A,Shelley Harwayne
OL10384887A,Wilson Lisa
OL7102635A,Laura Tilli
OL10605206A,Jess Tilli
OL9448682A,Jessica Sécheret
OL2822840A,Susan Spaull
OL10607189A,Ramla Kahn
OL3024328A,Matthew Biggs
OL2771489A,Thane Prince
OL82244A,Alan Titchmarsh
OL3018855A,Jean Paré
OL3666454A,James Darcy
OL7647424A,Wendy Pirk
OL4434235A,Andy King
OL2843568A,Jackie King
OL7662153A,William Woys Weaver
OL7297478A,Academia Barilla
OL9597354A,Monica Holland
OL7556670A,Emma Hart
OL8117127A,Summersdale Publishers Staff
OL3047960A,Pamela Clark
OL9596612A,Karen Braden
OL9130541A,Neil Hargreaves
OL7585302A,Songlumeigui
OL406523A,Susan A. McCreary
OL3457650A,Jacqueline Osborne
OL406342A,Wendy Seese
OL7499315A,The Editors of Southern Living
OL404391A,"Greenstein, George."
OL542526A,Glynn Christian
OL8250120A,Irish Countrywomen's' Association ICA
OL6959678A,Kelly Peloza
OL3152305A,Womens Institute
OL3282817A,Debby Maugans
OL7336452A,Karen Krasne
OL2882035A,Tina Wright
OL7595924A,Fiona Pearce
OL9359503A,Céline Dupont
OL7643448A,Love Food
OL3134948A,Unknow
OL11558540A,Parragon - Love Food Editors
OL38705A,Christine McFadden
OL1521237A,Jane Middleton
OL593971A,Jillian Stewart
OL593973A,Kate Cranshaw
OL11487069A,Rebo Productions
OL9386200A,Church & Dwight Co
OL6036243A,James Locke
OL4493145A,United States. Department of Agriculture. National Agricultural Library.
OL9085859A,Natacha Arnoult
OL9455262A,Valéry Guédes
OL2624443A,Day
OL10276113A,Cuisinart Cooking Club Staff
OL6584254A,Lora Brody
OL7410079A,Fiona Biggs
OL10367208A,Southern Living Editors
OL2964627A,Patricia Green
OL7653198A,Carolyn Hemming
OL396046A,Krystine Crowell
OL860106A,Frances Quinn
OL10354965A,Patricia Kendall PH D
OL10354966A,Colorado State University Extension
OL10346167A,Donna Thacker
OL132842A,"Good Housekeeping Institute (New York, N.Y.)"
OL10435332A,Sport Relief
OL413560A,Bridget Jones
OL3505256A,Sen Wang
OL7647375A,Sarah Levy
OL10343501A,Clara Lidström
OL10432318A,Chrystal Carver
OL11564073A,Natalie Levin
OL9928777A,Abigail Wheatly
OL4995907A,Benny Saida
OL771690A,Adrienne Welch
OL11470901A,Fleischmann Company
OL7458779A,"General Mills, inc"
OL12064949A,Elinor Genung Allen
OL7083610A,Frances Lee Barton
OL2180017A,Martha Meade
OL4994711A,Pascale Perez-Rubin
OL7809771A,Jane Ashley
OL14381998A,Lacy Province
OL14366842A,Lydia Brandy
OL10820769A,Ridley Pearson
OL14333150A,Robert W. pELTON
OL3512031A,Mimi Fix
OL2712417A,Robert Pelton
OL10460949A,Janelle Dietrick
OL14389582A,Erum Karim
OL14397253A,John W. Warns
OL7614223A,Martin Chiffers
OL3504895A,Emma Marsden
OL975927A,Janet McKenzie Hill
OL14173742A,Rogers Foods Ltd
OL3001432A,Stuart Silverstein
OL2714262A,Ruth Stokes
OL14264506A,Tim Lingo
OL13245386A,Heather Demeritte
OL14255702A,Anne MULHERN
OL756803A,Sallie Y. Lapp
OL14519954A,Galit Berṭeleh
OL777427A,Printer Bowler
OL14645155A,"Peters, Jonathan (Writer on natural foods)"
OL14645193A,Irma Eliason
OL2274406A,Julia Kiene
OL14141274A,Mikhal Leṿi-Elḥalal
OL409654A,Robin Hood
OL14118419A,Ronit Panso
OL14118420A,Yitsḥaḳ Rapaporṭ
OL718903A,Phyllis Hobson
OL14172524A,Monarch Fine Foods Co
OL12071394A,El Molino Mills
OL14197019A,Volker Horchler
OL14093729A,Oetker (Firm)
OL12504501A,Anna Lee Scott
OL3409187A,Rita Martin
OL717672A,Phyllis Krasilovsky
OL6926858A,Davis & Lawrence Co
OL13287198A,National Live Stock and Meat Board
OL14173987A,Dutch Oven
OL719580A,Benjamin Darling
OL14032735A,Standard Brands Limited
OL14099834A,Helen Leṿin
OL716842A,Trevor Wilson
OL734540A,Carole Fahy
OL672932A,L. P. Pashchenko
OL13943748A,N.Y.) Continental Baking Corporation (New York
OL6665568A,Fay Lewis
OL968736A,Urbain Dubois
OL13419215A,Quenette Tante
OL13412822A,Sontheimer Foundation
OL13419495A,Wis.) Mader's (Restaurant : Milwaukee
OL1315492A,A. W. Cramer
OL13534857A,Petra Galler
OL13491098A,Daniel M. Pliska
OL671121A,R. Lotgering-Hillebrand
OL13636171A,Wendi Zelkin Rosenstein
OL13636172A,Kit Naylor
OL1126866A,Thomas Friedman
OL3010226A,Tammy Aiken
OL10783585A,Natalie Denton
OL677809A,Jennie Reekie
OL7731759A,Cathy L. Kidd
OL12272681A,Maria Gabriella Fogli
OL13285249A,Piero Serra
OL1321322A,K. A. Bibikov
OL13281942A,I. F. Mazing
OL13269595A,Fritz Dorschner
OL918518A,Elio Casati
OL13288123A,Reviva Apple
OL908349A,Karl F. Kittelberger
OL2676153A,J. White
OL13416995A,Carl Krackhart
OL1172994A,Karl Kalbe
OL2400081A,"Fritsch, J."
OL13420294A,Taylor & Wood. Co Sands
OL13420383A,Futao Takamori
OL13428926A,Dina Kadar
OL656182A,Cindy Brooks
OL13377086A,Robertshaw-Fulton Controls Company
OL13412556A,J. Baratte
OL1060349A,Wilhelm Ziehr
OL13425960A,Ḥanah Shaʾulov
OL13411893A,Pillsbury's Grand National Bake-Off (16th 1964)
OL13376727A,American Molasses Company
OL13376798A,Mary B. Welch
OL4729299A,Corning Glass Works
OL12372157A,Katherine Caldwell
OL7358707A,Calumet Baking Powder Company
OL13376961A,Jean Brodie
OL2321987A,Frieda Nietlispach
OL9282538A,Delia Greve
OL13968503A,Mundy Glasgow
OL2675501A,Carolynn Carreno
OL13384686A,L. A. Butenko
OL10602441A,Vocation Bureau of Boston
OL765604A,Maureen Egan
OL12904819A,Isabella Beeton
OL979436A,Gesine Lemcke
OL12991601A,M. Mink
OL12991602A,M. Wahlsten
OL1688347A,Brita Olsson
OL7607773A,Yossy Arefi
OL7527380A,Amy Emberling
OL7543543A,Lindsay-Jean Hard
OL12911666A,Lee Vedder
OL12911667A,Corynn Coscia
OL9570563A,E. E. Berger
OL1430209A,Linda Larsen
OL8102025A,CICO CICO Books
OL13015077A,Kate Woodson
OL3805556A,New Holland Publishers
OL1859692A,Patricia Barnes
OL3704409A,Lisa Burwell
OL12634950A,Jennifer Ziemons
OL586506A,Susan Brown Draudt
OL4587361A,Jack Mabee
OL9161788A,The Bake Off Team
OL10830985A,Anonymus
OL11453767A,Avigayil Maizliḳ
OL12881237A,Birger Lundgren
OL620408A,Judith Ferguson
OL624663A,Patricia van Rhijn
OL12100803A,Geōrgios Byras
OL12119367A,June Ranill
OL12119368A,Alice Walter
OL7306447A,Delphine de Montalier
OL12098800A,Ḥaṿah ʻAmar
OL12102550A,Giannoula Christodoulidou
OL12111324A,Malachy Sister
OL12107707A,Shlomit Handelsman
OL7615169A,Flora Shedden
OL547183A,Sister Schubert
OL7300028A,Ellen Silverman
OL590254A,I. Nicolello
OL1398322A,Cornelia Adam
OL512852A,Karen Berg Douglas
OL515139A,Eugen A. Meier
OL3730908A,Martha White Foods
OL11958254A,"Lepard, Dan;Whittington, Richard"
OL3944479A,R. P. Kengis
OL6846952A,Anahit Pʻ Tōnikean
OL6880135A,Sally Morgan
OL11658817A,John G. Ils & Co
OL513148A,Joanne Karlson
OL7605948A,Gabriela Scolik
OL6822527A,Gooseberry Patch (Firm)
OL5113135A,Harry Street
OL11758953A,L. A. Klimova
OL534890A,Jean Spangenberg
OL535881A,Peter Cross
OL534620A,Scott E. Power
OL11899285A,N. A. Samsonova
OL530718A,Evelyn Howe Fryatt
OL1038097A,J. J. Schilstra
OL742522A,Ursula Kaiser
OL6971184A,General Foods Corporation. General Foods Kitchens
OL9188386A,Lever Brothers Company
OL11694379A,Li͡ubovʹ I͡Urchenko
OL3950285A,S. Kiseleva
OL4602074A,Culinary Arts Institute
OL3432901A,Oetker
OL531179A,Colin Fletcher
OL7468571A,Lionel Vatinet
OL11912324A,Hye-yŏn Han
OL7739029A,Imagine Publishing
OL534233A,Myra Waldo
OL4753075A,United States. Agricultural Research Service. Consumer and Food Economics Research Division
OL8033482A,Penguin Books Staff
OL4426518A,Helen Scott
OL150236A,Helen McCully
OL2623370A,Antoinette Savill
OL6830719A,Nestlé
OL11680370A,Inc Sassafras Enterprises
OL11690944A,Moni Roḳaḥ-Oḥanah
OL11775839A,Parsons School of Design
OL11676174A,Pillsbury's Home Service Center
OL595593A,Sue-Ann K. Dondlinger
OL590992A,Jeanne Thielly Kelley
OL591909A,John Stewart
OL12800490A,Ronit Penso
OL2053560A,Ilse Froidl
OL13211730A,(1970) Harper & Row
OL13414267A,Frederic Houghton
OL13414268A,H. Gribbin
OL13417670A,Samuel T. Goetz
OL1301969A,Aleksandr Ivanovich Kocherga
OL13385161A,R.B. Davis Company. Domestic Science Department
OL13414703A,Maison Charles Lecat
OL386751A,Mary Berry
OL13383684A,Central Maine Power Company. Home Service Department
OL13383794A,M. P. Danilenko
OL13421372A,Ferne Bowman
OL11691782A,International Multifoods Corporation
OL4434365A,Walter T. Banfield
OL13412857A,Émile Dufour
OL13383230A,N. I. Brunnek
OL2677446A,"James Tiptree, Jr."
OL12482684A,John White
OL1250324A,S. Minwel Tibbott
OL1260770A,Adele Marks
OL1232221A,Sarah Bounds
OL1252296A,Cathy Beaham
OL1190369A,Helen Glassman
OL33889A,Kate Spohn
OL1286383A,Werner Strübin-Bentz
OL1232991A,Barbara Douglass
OL1122625A,Marcia Morton
OL26523A,Cornelia Schinharl
OL1399890A,Sebastian Dickhaut
OL1394063A,Ruth Yoles
OL1388639A,Mary Hill
OL1387632A,Megan E. Bryant
OL1429785A,Betsy R. Rosenthal
OL1390735A,Toni Teevin
OL1424706A,Rose Dunnington
OL42741A,"Ross, Anna."
OL1388196A,Alexander Stadler
OL7992850A,Marguerite Patten
OL14973429A,of New York Cooking School
OL4182065A,Tova Aran
OL2852597A,Martin Brigdale
OL15028832A,Ali Spector
OL958572A,Denise H. Service
OL958593A,Sue Brownlee
OL976993A,J. C. Leuchs
OL978633A,A. Kirkland
OL888754A,Jim Dodge
OL1082279A,Jozo Grubešić
OL1085853A,Ḥanah Goldshṭain
OL1070776A,Joyce Audy Zarins
OL1072575A,"Manning, Paul"
OL1084565A,Harry G. Brouilett
OL1006655A,Carol Cutler
OL986764A,Michele Malkin
OL1125438A,Hannelore Blohm
OL1162649A,A. B. Barrows
OL1165583A,Kelly Herman
OL1172233A,"Eupel, Joh. Christ."
OL1172841A,Josef Angerer
OL1195172A,Floss Dworkin
OL1172788A,S. Beaty-Pownall
OL1226732A,Hans E. Valentin
OL1233245A,Peyo
OL1260546A,Gina Calleja
OL1352352A,Natalie G. Sylvester
OL1395372A,Patricia Leslie
OL895887A,Hans Jürgen Hansen
OL27383A,Michael J. Rosen
OL1127951A,Carol Bowen
OL1102382A,Walter Freund
OL33431A,"Hoffman, David"
OL1172873A,Rudolf Karg
OL1172924A,Jensen Frøken
OL1172945A,C. F. Klein
OL1172947A,J. Fugger
OL1172963A,Johanna Pölzing
OL1071232A,Ceil Dyer
OL1275077A,Jean Prince
OL1274698A,Fritz Becker
OL36929A,Christian Teubner
OL1187623A,Richard Brown
OL842345A,Lyndal Power
OL832565A,Brinna B. Sands
OL4182922A,Hanokh Farber
OL15082488A,Raḥel Aharonovits
OL15082489A,Ḥayah Maṭaraso
OL15082490A,Dinah Rozenbaʾum
OL842032A,Karen Nielsen-McLellan
OL14971608A,Joy Hunter
OL9066169A,Nikos Psilakēs
OL14829537A,Alessio Pani
OL13198943A,Stefania Carta
OL14981899A,General Foods Cooking School of the Air
OL850402A,Charla Lawhon
OL884806A,Linda Haynes
OL25282A,Meredith Hooper
OL843249A,Bonnie S. Bailey
OL9085727A,Anne Gutman
OL776466A,Kenneth Power
OL14714792A,"ʻAl ha-shulḥan, Merkaz gasṭronomi be-ʻe.m. (Tel Aviv, Israel)"
OL790274A,Sonia Allison
OL14719864A,Shivesh Bhatia
OL14706996A,Alexander Urosevic
OL10584853A,Ruth Berolzheimer
OL14715940A,Hecker Products Corporation
OL2870435A,Roni Oren
OL12874239A,Marabout Flash
OL14735336A,Ḳrisṭiʼan Ṭubner
OL855837A,Claus Schünemann
OL860337A,Julius Schwarz
OL15036862A,Pascale Peretz-Rubin
OL15036860A,Rakhelʹ Shvalʹbe
OL14960528A,Rina Zhak
OL14964401A,Benot Raḥel (Jerusalem)
OL14769510A,Arne Schulerud
OL10436468A,Tamara Milstein
OL7614244A,Jayne Cross
OL716476A,Arielle Rosin
OL2865675A,Mary Woods
OL2325768A,Alice Bradley
OL14033086A,Helen Harrington Downing
OL1349298A,Lily Haxworth Wallace
OL8093822A,Great British Bake Off Team
OL717507A,Nancy Baggett
OL235466A,Ruth Glick
OL14298151A,Cheryl Jacob
OL14295620A,Loretta Gagnon
OL12058823A,Old Sturbridge Village
OL4888388A,Ronghua Liu
OL1172911A,Friedrich Jos Hampel
OL7143815A,Christopher Tan
OL8678229A,Roz Crowley
OL222389A,Susan E. Goodman
OL890446A,Myrtle Allen
OL25304A,Eileen Goudge
OL968442A,"Den Dooven, K. Camille"
OL1020715A,Federico von Berzeviczy-Pallavicini
OL1049335A,Eugene Bové
OL1060331A,Erna Horn
OL7505374A,Barbara Abdeni Massaad
OL9607721A,Raymond Yazbeck
OL1001944A,Genevieve Farrow
OL1072077A,Arnold Zabert
OL1395212A,Linda Hymes
OL1462582A,Alma Payne Ralston
OL1462680A,Gail L. Worstman
OL1437732A,Rebecca Rather
OL1399993A,Cathy Burgett
OL1425300A,Tucker Shaw
OL1556315A,"Yan, Jiayan."
OL1522176A,Jo Smith
OL1481353A,Sallianne Norelli
OL861386A,Monique Dumond
OL7544769A,Vanessa Kimbell
OL8453528A,Christiane Sprinz
OL9119525A,Ibán Yarza
OL8479994A,Cecily McAndrews
OL8546607A,Karen M. Michelsen
OL21284A,Eric A. Kimmel
OL238716A,Maida Heatter
OL7905254A,Anne Schaeffer
OL8098514A,Cider Mill Cider Mill Press
OL8356637A,Bruno Feldeisen
OL3632897A,Kate McDermott
OL7671588A,Andy Baker
OL2198929A,Howard O. Triebold
OL281269A,Joan Ellis
OL2658671A,Ann Iosa
OL8465863A,Sandra Monger
OL7117963A,Mary Tillworth
OL7519970A,Caroline Shannon-Karasik
OL7313395A,Bailey Cates
OL6957521A,Paul Knipple
OL8050083A,Angela Knipple
OL7499755A,Kyle Books
OL3800448A,Linda Venturoni
OL274919A,Sylvia Adams Hocking
OL8369242A,Jenell Parsons
OL3003136A,Gooseberry Patch
OL8144988A,Intuitive
OL8177805A,Better Homes Better Homes and Gardens
OL8346246A,Emilie Hardman
OL8346247A,Heather Cole
OL8346248A,Robin Harney
OL8284085A,Aoife Carrigy
OL397618A,Ellen Brown
OL2952003A,Phyllis Good
OL8348076A,Nadine Ingram
OL3039830A,David Diresta
OL3039831A,Joanne Foran
OL6340971A,Johannes Gründler
OL1573526A,Werner Galler
OL293163A,Nadezhda Ivanovna Ogneva
OL3513748A,Eric Lanlard
OL1427140A,Victoria Kann
OL7603169A,Liliana Battle
OL5494242A,Patricia Ann Ward
OL8175342A,Rodolphe Landemaine
OL8665740A,Li︠u︡bovʹ I︠U︡rchenko
OL4067665A,Inge Schiermann
OL302029A,"Phillips, J. B."
OL6710837A,Maggie Testa
OL978553A,Thomas Nelson
OL7778873A,Benjamin Darling
OL2757355A,Daphna Rabinovitch
OL8124524A,Liam Charles
OL7419831A,Sara Lewis
OL8138150A,Taste of Home Editorial Staff
OL8260706A,Irvin Lin
OL8265164A,Jennifer Sigler Leah Whitman-Salkin
OL8185751A,Betty Betty Crocker
OL3137202A,Jacqueline Bellafontaine
OL7444174A,Rosie Banks
OL2993587A,Barbara Beery
OL8248565A,Lisette Donado
OL7341619A,Henry Dimbleby
OL2752384A,Alison Walsh
OL8278819A,Sara Letourneau
OL6954434A,Alex Kuskowski
OL290001A,Judith Reeves-Stevens
OL8611836A,Hayley McKee
OL2169375A,United States. Dept. of the Navy. Bureau of Supplies and Accounts.
OL3245244A,America's Test Kitchen
OL2470590A,Annemarie Wildeisen
OL52074A,Lesley Mackley
OL284646A,Rose Grant
OL8267206A,Muffin Brothers Staff
OL7971739A,Lisa Nieschlag
OL8266015A,Lars Wentrup
OL4943316A,Carole Clements
OL8255380A,Cherise Pagano
OL7323783A,Paul Allam
OL8267483A,David McGuinness
OL8271874A,Sarah Rowden
OL8363074A,Angela Garbacz
OL2655350A,DK Publishing
OL8176888A,Taste of Taste of Home
OL8464978A,Victoria Combe
OL8475342A,Ysewijn
OL8638620A,Moni Roḳeaḥ-Oḥanah
OL32105A,Elspeth Campbell Murphy
OL7299961A,Natalie Oldfield
OL7951332A,Cathy Bramley
OL5629619A,Sarah Cook
OL3247244A,National Restaurant Association
OL7826746A,Gemma stafford
OL6829282A,Hershey Foods Corporation
OL7523932A,Zhirong Gan
OL3023762A,Anna Olson
OL6705803A,Ŭn-a Yi
OL7614107A,Fuguang Chen
OL7614108A,Stefanie Reeb
OL7614109A,Maiko Yoshinaga
OL6504949A,Annie Rigg
OL7803603A,Laura Weathers
OL7472696A,VV. AA.
OL254424A,"Schönfeldt, Sybil Gräfin."
OL7895731A,Maya Klein
OL7611300A,Uri Scheft
OL3310144A,Raquel Pelzel
OL232214A,Joanna M. Lund
OL7529414A,Tetsuo Hasegawa
OL7529416A,Masayuki Murayoshi
OL7527260A,Yukie
OL237114A,Gene Zion
OL8031425A,Chronicle Books Staff
OL236488A,Tish Boyle
OL5151431A,Jiaqi Chen
OL7527200A,Licen Lin
OL7527274A,Yōko Wakayama
OL7527339A,Amber Gentry
OL234469A,Sandra L. Woodruff
OL233731A,Marianna Mayer
OL7507127A,Institute For Career Research
OL7507403A,Junzhi
OL24077A,Lara Rice Bergen
OL2879003A,Rizzoli
OL3288418A,Editors of Cooking Light Magazine
OL7499326A,The Editors Of Simply Sweet
OL9050263A,I. Kalnin̦a
OL9071775A,Anne Linkert
OL6513052A,Janna Gur
OL9058368A,Dāvud Rawghanī
OL331101A,Irene Smalls
OL7593409A,Ella's Kitchen (Firm)
OL1433478A,Jennifer M. Besel
OL6930630A,Johnson & Wales University. College of Culinary Arts. Educational Task Force
OL3119811A,Kathy Knudsen
OL950073A,Cynthia Elyce Rubin
OL1004134A,Sandra Taylor
OL7569979A,Igloo Books Ltd
OL9132865A,Marian Getz
OL2926467A,Murdoch Books
OL9137841A,Reiman Publishing
OL1345027A,Catherine Cassidy
OL2912001A,Michelle Bretl
OL9137842A,Jennifer Janz
OL7600150A,Jim Wieland
OL9137843A,Christina Gaugler
OL9140573A,Louise Johncox
OL6582327A,Jean Paré
OL7417815A,Jean Pare
OL6862778A,British Diabetic Association
OL2762253A,Henry Hart
OL381329A,Bev Bennett
OL9133650A,Alison Reich
OL9133651A,Marcia Kay Stanley
OL7421216A,Valerie Ferguson
OL9131234A,Michael McCamley
OL11539023A,BRAND NAME RECIPES GLUTEN-FREE
OL9131387A,Nordic Ware
OL2775852A,Mary Atkinson
OL7312569A,Jay Sanders
OL2884781A,Kraft General Foods
OL9138879A,Robin Hood Multifoods Inc
OL9201908A,Walter H. Chan
OL43348A,Nancy Parent
OL8887890A,Broon Maw
OL2800882A,Judith Rossell
OL7297546A,Jean Duane
OL6739101A,Peter E. Ellis
OL1841989A,Robert Declerck
OL8831322A,Tom Thie
OL8990803A,Henry Shun
OL3086628A,Yvan Huneault
OL8797401A,Nor Asiah Tajul Urus
OL8805319A,Sharon A. Kane
OL2953012A,Aaron Morgan
OL1521377A,Paige Gilchrist
OL29354A,Elizabeth Alston
OL8934822A,Frannie Babb
OL8677346A,"Leṿi, Daṿid (Chef)"
OL8641222A,Lee E. Cart
OL294014A,Paul Connelly
OL5816085A,Artun Ünsal
OL8103947A,Tessa Sam
OL5719055A,Jane Bull
OL2956989A,Susanna Tee
OL3545016A,Magnus Nilsson
OL7544688A,Brontë Aurell
OL8121099A,Nicole Rucker
OL9470415A,Good Housekeeping Institute Staff
OL9698531A,Love Productions
OL9494740A,Good Housekeeping Good Housekeeping Institute
OL1351380A,"Harris, H. G."
OL5966075A,Gail Herman
OL2402258A,Louis Weber
OL3079121A,Valerie Barrett
OL2461669A,Carol Tennant
OL2644475A,Lorraine Turner
OL11433740A,Love Food Editors Parragon Books
OL381973A,Marion Maxwell
OL2963883A,Linda Kaye
OL3054786A,Simon Holst
OL9879277A,Robert Merten
OL2631481A,Jennifer Lee
OL9528696A,Chef Zan
OL9528507A,Goodman Fielder
OL9707585A,Sarah Labensky
OL9714874A,Aggie Robertson
OL3762603A,Elizabeth Barbone
OL9727520A,Luis Troyano
OL3271749A,Andrew Webb
OL223002A,Arthur L. Meyer
OL6753838A,Tsiporah Ḳraizman
OL228873A,Jeanne Besser
OL890619A,Dr. Oetker (Firm)
OL228943A,Sheila Linderman
OL726788A,Paige Billin-Frye
OL6822395A,Jennifer Darling
OL6836952A,"Cookbook Resources, LLC"
OL7302617A,Kelly Light
OL2680945A,Linda S. Young
OL224407A,Leslie Glover Pendleton
OL1317333A,R. Schneeweiss
OL6569125A,Emīzu.
OL3002624A,Innovative Cooking Enterprises
OL2704372A,Samantha Brooke
OL7312753A,Marci Beighley
OL6459656A,Lauren Cecil
OL230880A,Maria Robbins
OL231945A,Linda West Eckhardt
OL2103691A,Gwen Marchant
OL231642A,Darra Goldstein
OL223599A,Toby Speed
OL5347134A,Paula Figoni
OL223063A,Lou Seibert Pappas
OL220384A,Elinor Klivans
OL770480A,Ann Amernick
OL6748308A,Isidora Popovic
OL227118A,Mary Ann Esposito
OL2492196A,Wendy Craig
OL6934506A,CQ Products (Firm)
OL8148364A,Old Farmer's Almanac Staff
OL3066375A,Andrew Cleary
OL7526645A,Sarah Owens
OL5168369A,Erin McKenna
OL2758883A,Nan Levinson
OL7282783A,Lily Vanilli 
OL7324308A,Callie Maritz
OL7309722A,Molly Bakes
OL2988150A,Daryl Stevenson
OL751252A,Lily Jones
OL6984241A,Beth M. Howard
OL7306184A,Alicia Bessette
OL7306275A,The Editors of Delish
OL2975042A,Catherine Best
OL5233777A,Judy Rosenberg
OL7072253A,Emmanuel Hadjiandreou
OL7301294A,Good Housekeeping Magazine
OL7334668A,Allegra Strategies
OL7079125A,Coco Simon
OL7235058A,Ruth Van Deman
OL7296433A,Yuki Sugiura
OL193372A,June Spencer
OL8043745A,Diane Harris
OL1476313A,Michelle Meadows
OL7277693A,Lan Wang
OL7151294A,Tina Bester
OL7107986A,Donna Diegel
OL2643736A,Good Housekeeping
OL7067985A,Rachel Schifter Thebault
OL6711046A,Sandra Lee
OL1396778A,Susan McQuillan
OL7068005A,Gretchen Holt Witt
OL7087296A,Rachel Quinlivan
OL6925983A,Peter Reinhart
OL19604A,George W. B. Shannon
OL222532A,Karen Wagner
OL2280486A,Duncan Hines (person)
OL3352884A,Laurie Goldrich Wolf
OL1437397A,Pam Abrams
OL36345A,Alice Alfonsi
OL219927A,Marie Simmons
OL21105A,Linda Dannenberg
OL325664A,Else Rønnevig
OL574820A,Ann Creber
OL1005606A,Veronika Müller
OL4783078A,Mechthild Piepenbrock
OL965517A,Roland Gööck
OL222894A,Susan Manlin Katzman
OL222896A,Jacqueline Bellefontaine
OL224041A,Polly Bannister
OL3735706A,Heide P. Boyden
OL3318779A,Shanti Nelson
OL6752548A,Ḥanah Shaʼulov
OL225005A,Elizabeth Koda-Callan
OL1393268A,Beth Kendrick
OL6953007A,John Barricelli
OL6928452A,Sue Graves
OL5425153A,Jan Miller
OL2119338A,Irma Simonton Black
OL216223A,Jack E. Miller
OL1816560A,General Foods Corporation. Consumer Service Dept.
OL233332A,Sara Pitzer
OL6806729A,Miriam B. Loo
OL7030552A,University of Illinois (Urbana-Champaign campus). Extension Service in Agriculture and Home Economics
OL6972508A,Dorothy Dalquist
OL3055451A,Andrew Whitley
OL6627191A,Michael Gottlieb
OL27669A,Erica Farber
OL234708A,Laura C. Martin
OL3879293A,Catherine Ipcizade
OL2254837A,Ann Pillsbury
OL7047481A,"General Mill, Inc"
OL382871A,Jean Anderson
OL5136701A,Rachel Lane
OL1476384A,Stephanie Ashcraft
OL6892907A,Jan Moon
OL530170A,Emily Luchetti
OL3138434A,Ryland Peters & Small
OL2868844A,Hearst Books International
OL723803A,Melissa Gray
OL6140182A,Aisha Alam
OL6198813A,Ernst John Pyler
OL22086A,George Edward Stanley
OL28897A,Gregg R. Gillespie
OL2833322A,Mary Cech
OL3629312A,A. J. Vander Voort
OL6827648A,"Shaw, O. M. Mrs"
OL20568A,Helen Ketteman
OL22867A,Alice K. Flanagan
OL137822A,"Hansen, H. P."
OL6251472A,P. L. Andrew
OL5899466A,Dzidra Zeberiņa
OL6463327A,Milena Habustová
OL123249A,United States. Federal Trade Commission.
OL6719075A,Richard Baxter
OL6618086A,Piper Davis
OL6618583A,André Delcart
OL6571612A,Lingxuan Pan
OL150375A,Georg Scheurel
OL6586592A,Yukiko Ōmori
OL6613290A,Sarah Levy
OL6626025A,Uğur Biryol
OL4790294A,Elizabeth Pomeroy
OL4759111A,Barbara Shillinglaw Briggs
OL4994741A,Raḥel Aharonovits
OL3808438A,Kate Shirazi
OL6934424A,Kelly E. Keough
OL6538625A,Robert L. Blakeslee
OL6940938A,Joy Wilson
OL171521A,United States. Bureau of Labor Statistics.
OL35307A,Elizabeth Partridge
OL23980A,Alexandra Stoddard
OL548401A,Darlene Kronschnabel
OL6841498A,Stefanie Sager
OL6846946A,C.A. Pillsbury and Company
OL3072477A,Cybele Pascal
OL6140026A,Times Publishing Company.
OL1302373A,Marion Rombauer Becker
OL7328575A,Editors of Cook's Country Magazine
OL3905398A,Julia Woolf
OL2789852A,Dave Myers         
OL7326835A,Sarah Amos
OL7068388A,Jessie Oleson
OL7317545A,Krisztina Maksa
OL7317644A,Deborah Ed. Smith
OL2624239A,Tana Ramsay
OL5974824A,Nancy Lambert
OL7341691A,Victoria Glass
OL18866A,Cindy Neuschwander
OL6503084A,Amy Clipston
OL7355686A,Anca Sandu
OL25652A,Beatrice A. Ojakangas
OL2857886A,Julia Aitken
OL3522922A,Carlynn Trout
OL2874437A,Maggie Barbieri
OL7419875A,Gregg R. Gillespie
OL6777535A,Betsy St. Amant
OL7422504A,Alison Thompson
OL7425761A,Mia Ohrn
OL1390423A,Stephanie Perry Moore
OL7405536A,Pauley Perrette
OL2787441A,Darren Greenblatt
OL7405537A,Matthew Sandusky
OL7417440A,"Walker, Rachel (Publisher)"
OL7532536A,Mark Bailey
OL7592566A,Yirong Li
OL7530640A,Amber Rose
OL7152340A,Libbie Summers
OL7544770A,Emily Von Euw
OL3245233A,Erez Komarovsky
OL2727834A,Tyler Florence
OL31068A,Hilaire Walden
OL6992031A,Karen Morgan
OL7318009A,Christine Leech
OL3018297A,Kiko Denzer
OL3018298A,Hannah Field
OL7594909A,Mi-ae
OL6758299A,Xinli Zhang
OL7594919A,Tomoko Kumazaki
OL4162000A,Ruihua Li
OL6566987A,Sŏng-sil Yi
OL6587661A,Yongling Qiu
OL7604658A,Catherine Bretherton
OL7544356A,Kristen Miglore
OL7544373A,"Noyes, Brian (Baker)"
OL7532597A,Nicole Maree
OL7532601A,"Wong, Shirley (Writer on bento cooking)"
OL402855A,Deanna F. Cook
OL7540457A,Beth Ricanati
OL7540471A,"Walsh, Alison (Food writer)"
OL7544825A,Magnus Nilsson
OL7536888A,Jinshan Guo
OL7536889A,Diying Tu
OL6562848A,Shuling Zhou
OL7406014A,Tomoko Morimoto
OL7537154A,Marit Hovland
OL4734104A,Dominique D'Ermo
OL4753014A,Sarah Kelly
OL4587501A,"Pillsbury Mills, Inc"
OL4434239A,Edmund Baron Bennion
OL4401936A,Mary Norwak
OL4418120A,Lisa Yam
OL5590925A,Noriko Takano
OL5096634A,Janet Stein
OL5091981A,Chihiro Nakagawa
OL5167049A,Board of Agriculture (Great Britain).
OL5027733A,Heyun Zhu
OL130535A,Bénigno Cacérès
OL5704301A,David Horspool
OL5326179A,Fleischmann Company.
OL125456A,Hans Deutsch-Renner
OL5391773A,Iain R. Munro
OL5517722A,Antoinette Hauri-Karrer
OL4880822A,Canada. Occupational and Career Information Branch.
OL4664497A,John J. Scialdone
OL4169200A,Anqi Wang
OL4136606A,Maru Botana
OL4165984A,Quan Chen
OL3970673A,Jean-Marie Viard
OL4169161A,Huiyi Lin
OL110929A,Nita Mehta
OL4518769A,"Continental Baking Corporation, New York."
OL4314253A,Inez Eckblad
OL5019227A,Gunki Noguchi
OL5113362A,Teresa Gordon
OL5093811A,Avigail Myzlik
OL5164632A,Emily Farris
OL6585663A,Huixue Gu
OL6585664A,Lijuan Du
OL6579259A,Qin Wei
OL6559310A,Miyako Moriyama
OL6559602A,Ziqiong.
OL6569846A,Shuzhu Lin
OL6576231A,Xingzhuang Pan
OL6577203A,Ferd A. Doll
OL5356295A,Royal Baking Powder Company
OL6547175A,Fran Stephens
OL6573395A,Zhaoqing Meng
OL6582992A,Jingfa Wu
OL6584232A,Yŏng-mo Kim
OL6584280A,Meizi Zeng
OL4589104A,James D Templin
OL4557635A,Martha Elizabeth Jooste
OL4557834A,Emagene Faye Elledge Veal
OL4964420A,Sarah O'Hara
OL4944097A,Marianne Gronwall Van der Tuuk
OL3980739A,Colombe Plante
OL4214108A,Monica Alvarez
OL156616A,Jules Gouffé
OL158544A,United States. Agricultural Research Service. Human Nutrition Research Division.
OL6550183A,Ward Bradshaw
OL6589753A,Zhimin Fang
OL6590198A,Peicun Xie
OL6563150A,Laura B. de Caraza Campos
OL6588214A,Zhaoshun Zhang
OL6569469A,Meizhu Wu
OL6558524A,Wakiko Satō
OL6569029A,Chunxiong You
OL6587666A,Kuanding Chen
OL22133A,Johanna Hurwitz
OL142452A,New Jersey. Division of Vocational Education.
OL6713010A,John Weild
OL153188A,Holger Jacob Rasmus Jørgensen
OL6788252A,Andrea Nguyen
OL7412314A,Maite Rodriguez Fischer
OL150847A,Aldo Palazzeschi
OL157262A,"General Mills, inc."
OL6208483A,Yijun Wu
OL127837A,Alice Easton
OL5686097A,Ernst John Pyler
OL5303451A,Egg-o Baking Powder Co.
OL5242795A,Emanuela Battaglia
OL233388A,Sarah Phillips
OL956937A,Tom Cooke
OL7489114A,Michael Kalanty
OL547691A,Susan M. McIntosh
OL231823A,James K. McNair
OL233132A,Barbara Grunes
OL244679A,Becky Johnson
OL2770345A,Quaker Kitchens
OL2770346A,Quaker Oat
OL7584058A,Kumiko Ebata
OL5657900A,Yanfeng Jiang
OL7586267A,Juanning Wu
OL7586283A,Rumi Kojima
OL7543443A,Lily Vanilli
OL6940821A,America's Test Kitchen (Firm)
OL7584292A,Sŏng-mi An
OL3133884A,Abigail R. Gehring
OL7519236A,Sébastien Boudet
OL7519238A,Lizzie Kamenetzky
OL7519239A,Allan Albert Teoh
OL7528129A,Jiahui Feng
OL391290A,Gale Gand
OL2675440A,Rick Tramonto
OL2727697A,Julia Moskin
OL7519593A,"Holland, Monica (Blogger)"
OL235578A,"Williams, Sam"
OL6592450A,Panny Lau
OL7517873A,Dujiaoxian@lansedamen
OL7522395A,Shengda Lü
OL6585809A,Takaaki Nishikawa
OL7588692A,Naoko Fukuoka
OL7588428A,Janet Briggs
OL7588794A,Jazz Domino Holly
OL7590835A,Reiko Sengoku
OL7590836A,Teiko Sengoku
OL7590837A,Kikujirō Yoshida
OL6587799A,Ningzi Shao
OL7589056A,Rika Fukuda
OL7591206A,Jianmei Huang
OL5741213A,Zhengzhong Xu
OL3778906A,Ilona Chovancova
OL7524682A,Sabadina
OL7518677A,Fumiyo Kawakami
OL236350A,Barry Bluestein
OL7534307A,Yukako Okamoto
OL5695816A,Defang Zhang
OL7534606A,Rochie Pinson
OL7542394A,Wenda Wu
OL7544060A,Kim Binczewski
OL3083601A,Zac Posen
OL7529916A,Tom Moorman
OL7536408A,Mingzhong Chen
OL7521488A,Mike Malbrough
OL7593959A,Yuemanxilou
OL7593982A,Koukou
OL7517947A,Weitai
OL7583596A,Yang tao wen hua (Firm)
OL7586285A,Junko Iida
OL7595073A,Gillian Reith
OL3826065A,Ming Guo
OL7595470A,Xuanfan Lin
OL7585390A,Wenxia Wang
OL7589911A,Haoshu Liu
OL240221A,"Bowers, David"
OL7585779A,Yasumasa Takagi
OL7585788A,Yingda Jiang
OL7585789A,Ke mai hong bei tuan dui
OL3486164A,Sachi
OL6953515A,Kumiko Ibaraki
OL7593798A,Heather Bertinetti
OL7593799A,Ashley McLaughlin
OL7593802A,Richard Miscovich
OL7518871A,Linh Trang
OL7601588A,Brian Emmett
OL3445947A,Allie
OL7598424A,Moonmoon
OL7518675A,Zifang Sha
OL7603798A,Editors of Food52
OL7052029A,Doron Petersan
OL7603934A,Hitomi Tsutsumi
OL226095A,Phyllis Pellman Good
OL7604027A,Kristine Samuell
OL3122005A,Beverly Lynn Bennett
OL7638196A,Margarita Manzke
OL7638197A,Betty Hallock
OL243534A,Lorraine Johnson-Coleman
OL243390A,Brenda Ellis Gibson
OL3097206A,Melissa Palmer
OL7614623A,Anna Olson
OL7606906A,Yutaka Hamada
OL6587566A,Masato Nagase
OL7606909A,Zhiliang Gong
OL7119159A,Luisa Weiss
OL7615108A,Christophe Adam
OL7615110A,Melissa Forti
OL7612508A,Zhiwei Pei
OL7544563A,Tasty
OL7635383A,Williams Sonoma Test Kitchen
OL1509975A,Julia Ponsonby
OL7119168A,Christine Moore
OL7600545A,Miwako Tsuchiya
OL7594921A,Katsuei Shiga
OL7600554A,Backe Akiko
OL7600555A,Tania Kadokura
OL7607369A,Janel Gradowski
OL7607437A,Akiko Kaji
OL7606271A,Weldon Owen Inc
OL7532214A,Xiaopei Yang
OL6580252A,Mingli Chen
OL7605428A,Weizhen Xie
OL7605430A,Itarunrun
OL7573198A,"Patricia ""Sister"" Schubert Barnes"
OL7598921A,Melissa Richardson
OL7586839A,Shiho Nakashima
OL6501403A,Madge Baird
OL7636790A,Marcella DiLonardo
OL7634443A,Jim Amaral
OL7634444A,Cynthia Finnemore Simonds
OL7589761A,Rika Sakamoto
OL7527206A,Shengyi Chen
OL6968675A,Chuck Williams
OL7529116A,Yamin Zhuang
OL7524666A,Huizhen Lu
OL2663256A,Christine Smith
OL7770241A,Jana Roerick
OL1517845A,Emma Dodd
OL51927A,Barbara Maher
OL7875430A,Jennifer McHenry
OL7925129A,Kevan Roberts
OL6588216A,Zhixiang Du
OL2671255A,Sarah Lynn
OL7587423A,Jinshu Yang
OL7587424A,Song Qu
OL1393695A,Donna Hay
OL2737358A,Mary Ellen Griffin
OL221080A,Lon Walters
OL6971337A,Standard Brands Incorporated
OL220144A,Jeanne Benedict
OL220344A,Art Ginsburg
OL3096622A,Trident Press International
OL3096627A,Beatriz Spinosa
OL3096623A,Aurora Giribaldi
OL609610A,AFL-CIO. Food and Allied Service Trades Dept.
OL953483A,Editors of Cy DeCosse Incorporated
OL1436279A,Cath Kidston
OL8102224A,Anna Burges-Lumsden
OL7484653A,Jill Snider
OL8097694A,Meredith Dees
OL8078708A,Kari Finngaard
OL7528810A,Pen Vogler
OL8115253A,Adam Leonti
OL7590447A,Katie Parla
OL5144856A,Marc Vetri
OL8134330A,Zhanna Di͡atlova
OL155589A,James Morton
OL8065262A,"Geri LoBiondo-Wood, PhD, RN, FAAN, Judith Haber, PhD, RN, FAAN, Cherylyn Cameron, RN, PhD and Mina Singh, RN, PhD"
OL2910533A,Christine Taylor
OL7636009A,Mary Berry
OL8124734A,Kim-Joy
OL7615028A,Alma Obregón
OL5497876A,Victoria Hall
OL8094968A,Suzy Pelta
OL8099602A,Redpath Sugar Ltd.
OL8155076A,Rick Grains
OL8111131A,"Wright, Amanda (Home economist)"
OL3810025A,Allyson Gofton
OL8118082A,"Mitchell, Cathy (Home cook)"
OL8102519A,Tamara Milstein-Newing
OL4846705A,Sue Lawrence
OL7234518A,Kate Pankhurst
OL1447457A,Camille Le Foll
OL7298604A,Merryn Threadgould
OL247691A,Rita DePuydt
OL3109764A,Joanna Saltz
OL39262A,Prue Leith
OL7651646A,the Bake Off Team
OL6578394A,Fuchun Chen
OL7770105A,Nick Makrides
OL7044869A,Christina Tosi
OL7237153A,United States. Department of Agriculture. States Relations Service
OL7337320A,Victoria Glass
OL7296346A,Hannah Read-Baldrey
OL7959401A,Tiffany Dahle
OL2954339A,Richard Burr
OL1250630A,Val Collins
OL502879A,Mary Cadogan
OL8035354A,Good Food Guides Staff
OL8030771A,Australian Women's Weekly Staff
OL7968659A,PhotoCusine UK (Firm)
OL7974159A,Cat Emslie
OL1513435A,Wendy Sweetser
OL7600791A,Rachel Allen
OL7840684A,Claire Sandy
OL244325A,Susan F. Tierno
OL243470A,Tina Vilicich-Solomon
OL3005489A,Marlene Wyatt
OL3005490A,Syble Whitlock
OL3005491A,Mona Elliott
OL3005492A,Pauline Dillard
OL775317A,Geraldene Holt
OL662397A,Deborah Gray
OL19546A,Jane Bull
OL7778234A,Cat Food Cakes
OL7761717A,Jean Blacklock
OL7758250A,Sosland Companies
OL2955402A,Jeffrey Larsen
OL241993A,Denise Lewis Patrick
OL7643332A,Frederic Anton
OL7643333A,Christelle Brua
OL7643619A,Daniela Lais
OL7643620A,Jerome Eckmeier
OL7408159A,Love Food Editors
OL7460780A,P3 Publishing
OL7637810A,America's Test Kitchen Kids
OL3432832A,Bounty Books
OL7499256A,David Muniz
OL7499257A,David Lesniak
OL7499323A,Robert Landolphi
OL6967977A,Oxmoor House
OL7597106A,Lucy Wallrock
OL7597110A,Michele Chen Chock
OL5024523A,Johnny Iuzzini
OL7597303A,Sachiko Ōta
OL7597322A,Xavier Barriga
OL6580645A,Zhezhang Lin
OL3779142A,Grace Cheetham
OL7348767A,Charlotte Druckman
OL3578725A,Stéphane Reynaud
OL7612117A,Baochun Wu
OL7532605A,Nadiya Hussain
OL7593035A,Xiaomei Lai
OL7608849A,Frédéric Anton
OL7528825A,Linda Lomelino
OL2908117A,Martha Stewart Living Omnimedia
OL3026331A,Irvin F. Lin
OL7612369A,Candace Nelson
OL7535030A,Yael Reuveny
OL2721991A,James Dean
OL3086180A,Pascal Rigo
OL7524687A,Fumiko Yoshikawa
OL3086213A,Davide Calì
OL6835832A,Gabriel Gaté
OL7445411A,Elizabeth Berg
OL7303628A,Gizzi Erskine
OL7524877A,Tanya Burr
OL2908137A,Editors of Southern Living
OL7607748A,Raphael Gomes
OL3038502A,Linda J. Amendt
OL8055932A,America's Test Kitchen Staff
OL7595233A,Russell Van Kraayenburg
OL7596963A,Darlene Beck Jacobson
OL8082620A,Better Homes and Gardens Staff
OL2747449A,Nancy Cain
OL7598045A,Catherine Ruehle
OL6501339A,Adrienne Kane
OL7415613A,Dominique Roques
OL6562911A,Juanjuan Hu
OL768011A,Karen Barss
OL7596178A,Mia Öhrn
OL7300363A,Lucy Cufflin
OL7602606A,Anne Shooter
OL7307565A,Georgia Ball
OL6901878A,Reader's Digest Association
OL7598633A,Leah Brooks
OL7598649A,Tabitha Alterman
OL7592998A,Kyra Bussanich
OL7586708A,Kazuya Ogiyama
OL5751134A,Dequan Li
OL6562439A,Aiqing Lian
OL527528A,Andy King
OL6881345A,Houghton Mifflin Harcourt Publishing Company
OL7593410A,Rosie Daykin
OL7587604A,Yuling Hu
OL7589569A,Zhitian Chen
OL7615629A,Jessica Reed
OL1467252A,"Li, Guoxiong"
OL7615916A,Anshi Tian
OL7615919A,Wang Anqi
OL7616032A,Aurora Cacciapuoti
OL4153176A,Xiaoyi Chen
OL7533951A,Kōji Takeya
OL7541322A,Andy Devonshire
OL5616511A,Hernán Rodríguez
OL1241385A,Carla Kelly
OL6822456A,Rebecca Miller Ffrench
OL7592099A,Yuanming Zhang
OL108585A,Antony Wild
OL552693A,Lee Scott
OL9683853A,Modern Curriculum PRESS
OL9262703A,Jessie Oleson Moore
OL7544641A,Virginia Loh-Hagan
OL7332802A,Emily Rose
OL10526369A,Sebastien Rouxel
OL10517930A,Catherine Speedie
OL11778201A,Sarah Clayborne
OL3270597A,Jennifer Mattson
OL590894A,Lucia Monfried
OL63505A,Dawn Martin
OL2943516A,Donna Kelly
OL2833128A,Lisa Weiss
OL8115999A,Emily Luchetti
OL3593524A,Joe B. Hall
OL11772745A,Elaine Sullivan
OL11693104A,Peter Cailler Kohler Swiss Chocolate Company
OL575540A,Steffi Berne
OL12425147A,Denise O'Callaghan
OL10261414A,DK
OL3484666A,S. McConnell
OL542337A,"Rosenberg, Judy"
OL12100439A,Phōteinē Euangelatou
OL12076837A,Friedrich Heinrich Reichert
OL12048372A,Wells & Co Floyd
OL12067147A,Ruth Washburn Jordan
OL7289686A,United States. Agricultural Research Service. Household Economics Research Branch
OL1234466A,Dave Maynard
OL12100815A,Helenē Mosphilē-Loizou
OL976184A,Herman Hueg
OL12090486A,Reliable Flour Company
OL12158455A,Oskar Rhiner
OL2355327A,Scholastic
OL10829951A,Favorite Brand Name Recipes Publications International Ltd.
OL555488A,Tamara Holt
OL12297075A,Maria DeRosa
OL13547194A,Helen Jerome
OL12578568A,Hilde Brepoels
OL752250A,Johan Valcke
OL10693054A,Francesca Zampollo
OL582352A,Joseph E. Orsini
OL840355A,Daniel Leader
OL3685810A,Michelle Brewster
OL387243A,Patricia Lousada
OL8105435A,The Williams-Sonoma The Williams-Sonoma Test Kitchen
OL2790654A,Mattel
OL2805556A,Emma Carlson Berne
OL9978005A,Diresta
OL3851530A,Foran
OL4601605A,Ken Haedrich
OL9956601A,Miriam Pascal
OL2926455A,Whitecap Books
OL384889A,Carol Field
OL413212A,Barbara Kanerva Kyte
OL1660580A,Katherine Hayes Greenberg
OL2830507A,Joanna Lorenz
OL2727499A,Justine Harding
OL9915629A,Jan Hutchison
OL7615134A,Ivy Contract
OL8468063A,Chronicle Chronicle Books
OL5280362A,Edward Gee
OL7332394A,Tamara Jane
OL10826936A,Anon
OL1219903A,Josephine Bacon - undifferentiated
OL7304572A,Lisa Greathouse
OL2727218A,Mitzie Wilson
OL9308618A,Erin Bolger
OL346122A,Michaela Muntean
OL9416659A,Mussgiller-Mangels Company
OL593651A,Susan Akass
OL7299496A,Helen Nathan
OL8600331A,Stanley Cauvain
OL31699A,Michael Lawrence
OL8103973A,Alice Oehr
OL389208A,Carrie Davis
OL7720592A,Trine Hahnemann
OL8111609A,Columbus Leth
OL389038A,Diane Phillips
OL3434687A,Chicago Tribune Staff
OL389929A,Mary Wachtel Mauksch
OL390727A,Stephanie Greenleigh
OL389828A,Alexandra Whitney
OL391986A,Anke Kranendonk
OL3102544A,Karen Morgan
OL10002940A,Knoxy Knox
OL3015104A,Whitecap Books Staff
OL2838020A,Helen Aitken
OL33010A,Jill Murphy
OL3740353A,Lynn Lewis
OL9101247A,David Oakenfull
OL9095103A,Bridgewater Book Company Ltd
OL2150978A,Sainsbury's (Firm)
OL3002716A,Sheryn R. Jones
OL3039123A,Judith Fertig
OL5863911A,Jianwei Li
OL9090203A,Barbara Stavetski
OL3054794A,Robyn Martin
OL9137588A,Lara Hernández
OL2830565A,Maggie Mayhew
OL9125993A,Louise Fulton-Keats
OL223468A,Kathryn Hawkins
OL1392056A,Kathleen Collins
OL839323A,Richard Whittington
OL9129844A,Kathrin Goldman
OL243997A,Jane Asher
OL982161A,Margaret Barca
OL9088438A,Comic Relief (Organization)
OL390819A,Nancy Fox
OL3932837A,Kim Rowney
OL10138684A,Chrita Paulin
OL2728576A,Weight Watchers International
OL7345819A,Julie Languille
OL10145118A,Julia Vradelis
OL7810716A,Gail Sher
OL9347671A,Madame Labriski
OL395641A,Judy Bastyra
OL7174417A,Orianne Lallemand
OL7340528A,Keiko Ishida
OL832636A,Mary Ann Wenniger
OL3120034A,Mace Wenniger
OL7572417A,Taste of Home Taste of Home
OL7304261A,Diana Peacock
OL4880952A,United States. War Shipping Administration
OL4765024A,Robert P. Winston
OL988903A,Ruth H. Matthews
OL3601534A,Inc General Mills
OL3511299A,Photographs by Chris Alack
OL4172966A,Periplus Editions Staff
OL3947663A,Summersdale
OL7487263A,Igloo
OL9311489A,Kiki Bee
OL9924203A,Letty Flatt
OL2727666A,Martha Stewart Living Magazine
OL7921654A,Susana Tornero Brugués
OL383989A,George Greenstein
OL9894713A,"Kamile Tek, Recep; Cakmak, Serkan; Ötkür, Zulhayat; Serbest"
OL384587A,Ferida Wolff
OL7588668A,Đình Bình
OL2458661A,Patricia Kendall
OL6789736A,Gill Holcombe
OL8175827A,Editors at Editors at Taste of Home
OL8292096A,Deanna F. Cook
OL2432675A,Siebel Institute of Technology.
OL2464462A,Adrienne Berofsky
OL2687968A,Peter Sloan
OL1393661A,Pamela S. Price
OL1960858A,Karen Kelly
OL2021802A,Rigmor Bagger
OL1964894A,Sylvia M. Jenkins
OL1740119A,Helga Ganzow
OL1971598A,Cordon Bleu Cookery School.
OL2000201A,Faridah binti Talib.
OL1963948A,Abbie C. Ratledge
OL1886468A,Fred Binder
OL1941939A,H. Freyberg
OL1873311A,Harry Brown
OL1819650A,Martha Day
OL1866553A,Mary Moon Hemingway
OL1892722A,Evy Jacobson
OL1910699A,Charles Schafer
OL1929225A,Hanna Enderlein
OL1920339A,Bengt Otterström
OL1680993A,Jean Pierre Anderegg
OL1659935A,Mala Young
OL1727476A,Armin Hirsekorn
OL1604641A,Alton Brown
OL2084687A,"Leonardi, Francesco chef."
OL2146618A,Sandra Sandler
OL2114808A,Marcela Trigo de Illanes
OL2287946A,K. Kh Vidanov
OL2220461A,Eugen Fritsch
OL61697A,C. M. Millen
OL2306550A,Calumet Baking Powder Company.
OL1875090A,Fritze Juel
OL1844248A,Juho Vilho Itkonen
OL1857994A,Hannah Lyons Johnson
OL1872621A,Jane Green
OL1825429A,Cecilia H. Hinde
OL1879395A,Erna Duruz-Nietlispach
OL2738875A,Nicole Rees
OL2760922A,Christine Ingram
OL2760924A,anna koska
OL2750980A,Hilary Walden
OL2763381A,Country Living Magazine
OL2747124A,Liz Martin
OL2737063A,The Culinary Institute of America
OL2733887A,Sherry Yard
OL2654570A,Nancy Johnson
OL2717199A,Victoria L. Cooksey
OL2691254A,Family Circle Books
OL2310797A,Fisher Flouring Mills Company.
OL2345359A,Mary Hunt
OL2275169A,American Society of Bakery Engineers.
OL2370716A,Portland Public Schools (Or.). Division of vocational education.
OL2336265A,William E. Broeg
OL2377109A,John Ansel Anderson
OL1432084A,"Cohen, Elaine."
OL2980245A,John Whitman
OL1463388A,Laurel A. Wicks
OL1472357A,Gudrun Ulltveit
OL1394853A,Sue Graves
OL1457563A,Rita Holmberg
OL1444289A,Esther Brody
OL1444578A,Jill Snider
OL1542241A,Biddy White Lennon
OL1480130A,Kristen Joyal
OL1529352A,Sue Zydenbos
OL1520683A,Holly Bower
OL6873636A,Monica Musetti-Carlin
OL1395110A,Nancy J. Parra
OL2224027A,Mary Berry
OL7340507A,Toni M. Rwald
OL7328515A,Rachel Quinlivan West
OL772416A,Linda Morris
OL2830526A,Valerie Ferguson
OL7336149A,Christy Beaver
OL7351588A,Samantha Blears
OL2675750A,Sarah Albee
OL35664A,Apple Jordan
OL1390055A,Emma Lynch
OL2815032A,Liz Herbert
OL3030384A,Chris Eliopoulos
OL7337088A,Students of the 826 Valencia Writing Pro
OL33016A,Jamie Oliver
OL2833526A,Robin Asbell
OL7346176A,Lisa Gordanier
OL7345669A,Yair Yosefi
OL1481407A,Liz Franklin
OL7346029A,Wendy Turnbull
OL1041339A,Ginette Mathiot
OL7335879A,Hardie Grant Books
OL626352A,Christine France
OL7343146A,Lindsay Landis
OL2953076A,Cico Books
OL7343303A,Allan Teoh
OL3796404A,Holly Jones
OL194997A,Tim Allen
OL7300928A,Brinna Sands
OL72320A,Helen Perelman
OL7310173A,Alicia Bessette
OL2852663A,Lois White RN PhD
OL531276A,Roger Priddy
OL7317965A,Zoe Clark
OL1388095A,Sarah-Kate Lynch
OL2724656A,MJ Illustrations
OL7310543A,"Richard J., Jr. Coppedge"
OL7305786A,Gesine Bullock-Prado
OL7227040A,Rome (Italy). Fornai
OL7087270A,Olivier Dupon
OL1388275A,Abigail Wheatley
OL3779897A,Tim Bugbird
OL3123064A,Rebecca Currington
OL6570652A,Rowena Schmidt Carpenter
OL3426904A,David Blumenthal
OL62939A,Sally Morgan
OL7301515A,Women's Institute
OL6708801A,Georgia Varozza
OL3002656A,Kathleen Kerry
OL19451A,Cari Best
OL3067898A,Rodney Bills
OL677551A,James Barrett
OL22315A,Kim Ostrow
OL39842A,Mike Thaler
OL3231607A,Veronica Buffington
OL31185A,Susan Middleton Elya
OL1436658A,Tony Hyland
OL19746A,Nancy I. Sanders
OL1936601A,Hans Hofmann
OL157714A,George Leonard Herter
OL6871693A,Heilie Pienaar
OL3750201A,Nancy Coale Zippe
OL3139452A,Michael Broad
OL450954A,Bob Staake
OL171758A,Great Britain. Ministry of Labour.
OL7052030A,Doron Petersan
OL7040188A,Joyce Jeffries
OL2793720A,Phil Vickery
OL1541634A,Yvonne Deutch
OL7069692A,Lilly Higgins
OL6482418A,Ruth Watson
OL7064858A,Nicola Winstaley
OL140439A,Lisa Schroeder
OL7056824A,Stanley Ginsberg
OL7056825A,Stanley Ginsberg
OL7084154A,Sur La Table (Firm)
OL7150533A,Ambur Lowenthal
OL775421A,Domitille de Pressensé
OL7162548A,Jane Barton Griffith
OL2962088A,Kelly Starling Lyons
OL1444575A,Donna Washburn
OL7050964A,Lindy Clark
OL7050965A,Lindy Clark
OL7082267A,Letty Halloran Flatt
OL6886429A,Meika Hashimoto
OL26020A,Wendy Cheyette Lewison
OL3060555A,Carol Boker
OL3079011A,Tiffany Haugen
OL6763725A,MariLee Parrish
OL2625352A,Sedgewood Press
OL6982050A,Thomas Keller
OL537078A,Donna P. Miller
OL4740676A,Dow Chemical Company
OL5346770A,Colonial Williamsburg Foundation
OL7089756A,Luane Kohnke
OL7089757A,Luane Kohnke
OL453969A,Susan Amerikaner
OL186690A,"Willan, Anne."
OL7154648A,Sharon P. Davis
OL7151686A,Karen DeMasco
OL1436513A,"Douglas, Tom"
OL6983053A,Joni Marie Newman
OL35917A,Joanne Fluke
OL25794A,Kiki Thorpe
OL7377923A,New York Cooking School
OL693544A,John White
OL3086238A,Holly Melton
OL1389979A,Daisy Alberto
OL7390777A,Catherine Ripley
OL6978316A,Susan Pace-Koch
OL7344648A,Christina Rossetti
OL3519833A,Jo Massam-Windsor
OL2727521A,Jo McAuley
OL7411453A,Andra Chase
OL3024441A,Maureen Fergus
OL2907235A,Kari A. Cornell
OL216513A,"Murray, Peter"
OL835103A,Jenny Hessell
OL11450442A,Not stated
OL1062034A,Marianne Kaltenbach
OL218228A,Rick Rodgers
OL2226518A,Frithjof Saelen
OL6580885A,Kristi M. Thomas
OL32268A,Vivian Sathre
OL2625192A,Miller
OL244358A,H. A. Rey
OL3709348A,Rebecca Woods
OL5048733A,Beth Bracken
OL6832316A,Fox Chapel Publishing
OL403818A,Naomi Howland
OL6970449A,Diane Yanney
OL2881405A,Marianne
OL7056490A,Diane Tye
OL6970501A,"Rutledge Books, inc"
OL7080877A,Camilla Pérez
OL27265A,Brette McWhorter Sember
OL7039947A,Kathryn Gordon
OL3046720A,Jenny Lewis
OL5847341A,Ying Lou
OL7064276A,Melton Anthony Heinzer
OL1078123A,Sarah Kelly Iaia
OL6829319A,Margaret S. Boyd
OL911838A,Zdena Lenderová
OL7529521A,Poppy Green
OL1389731A,Kyla May
OL2993494A,Susan VanHecke
OL5172264A,Lisa Graff
OL15123907A,Florance B. King
OL15123908A,Adelle B. Freeman
OL2297496A,Ronald Sheppard
OL15123946A,Northwestern Consolidated Milling Co
OL1803508A,Rosalie Cheney Fiske
OL2355068A,"King, Caroline Blanche Campion Mrs."
OL6971347A,"King, Caroline Blanche Campion Mrs"
OL12482757A,United States. War Department
OL458532A,Sophie D. Coe
OL15139748A,California Home Economics Association. Southern Section. Book Committee
OL15139751A,California Home Economics Association. Southern Section
OL2183750A,Helen Claire Duprey Bullock
OL1238329A,Kaye Manning
OL15138268A,the Women's Zionist Organization of America. Indianapolis Chapter. Ha'lma Group Hadassah
OL3146600A,Konemann
OL3456292A,S.Hinwel Tibbott
OL1216220A,Ruth L. Aebi
OL1604392A,Elizabeth Garton Scanlon
OL9837482A,Roberta Thomas
OL240912A,Joan Bauer
OL6146254A,Barton McGuire
OL15132535A,Water Mill Museum. Ladies Auxiliary
OL6828211A,Cynthia Platt
OL2103113A,"Order of the Eastern Star. Montgomery, Ala. Chapter no. 180."
OL15161894A,L. Cotte
OL15161905A,William R. Gregory
OL1736292A,Huguette Couffignal
OL1129667A,Linda Hewitt
OL1005681A,Charles A. Stear
OL7573832A,Le Cordon Bleu
OL1655503A,Ruth Berolzheimer
OL7214666A,A. Krasichkova
OL3943935A,Mikhail Zubakin
OL2233447A,Standard Brands Incorporated.
OL5929744A,A. V. Borisova
OL2908481A,Duncan J R Manley
OL2840948A,Nanna Cross
OL7310560A,Beatrice Ojakangas
OL2045669A,Sourdough Jack.
OL4966374A,John Clancy
OL1007860A,"King, Kathleen"
OL1458593A,Ann Seranne
OL1127387A,John Clancy
OL14164778A,Lake of the Woods Milling Company
OL13423452A,Clara Gebhard Snyder
OL7456746A,Wheat Flour Institute
OL3098678A,Trula Magruder
OL11520949A,Helen G Scott
OL13385744A,Rudolf Rösch
